{"type":"FeatureCollection","features":[{"type":"Feature","properties":{"name":"แม่น้ำชี"},"geometry":{"type":"MultiLineString","coordinates":[[[103.9076,15.9011],[103.9342,15.8889],[103.9415,15.8757],[103.9536,15.8723]],[[103.8879,16.0826],[103.9033,16.0611]],[[103.6963,16.2201],[103.6911,16.2255],[103.7125,16.2186],[103.7273,16.2197],[103.7516,16.2019],[103.7483,16.1951],[103.7512,16.1906],[103.7644,16.1962],[103.7739,16.1801]],[[103.0042,16.3034],[103.0088,16.2999],[103.0204,16.3075],[103.0333,16.2936],[103.055,16.2918],[103.068,16.27],[103.0694,16.253],[103.0919,16.242],[103.0884,16.2342],[103.0952,16.2315],[103.1098,16.2361],[103.1087,16.2295]],[[102.9379,16.377],[102.946,16.3766],[102.9519,16.361],[102.9421,16.3613],[102.9436,16.3557],[102.9498,16.3536],[102.9598,16.3586],[102.9617,16.3535],[102.9567,16.3492],[102.9829,16.3369],[102.9786,16.3289],[102.9829,16.3234],[102.9912,16.3271],[102.9908,16.3316],[103.0006,16.3249],[102.9935,16.3166],[102.9884,16.3174],[102.9915,16.3097],[103.0042,16.3034]],[[102.7756,16.2924],[102.7791,16.3073],[102.7773,16.3198],[102.7721,16.3227],[102.7797,16.3265],[102.7837,16.3222],[102.7917,16.335],[102.793,16.3451],[102.7871,16.3539],[102.7912,16.3584],[102.8011,16.3637],[102.7987,16.3549],[102.8243,16.3579],[102.8291,16.3629],[102.8222,16.3681],[102.8423,16.3689],[102.8449,16.3739],[102.8599,16.3784],[102.8762,16.3678],[102.8908,16.3704],[102.8821,16.3837],[102.8903,16.3904]],[[102.6702,16.2241],[102.6661,16.2285],[102.6752,16.2329],[102.6768,16.23],[102.6761,16.236],[102.6854,16.223],[102.6883,16.2292],[102.6937,16.2282],[102.6867,16.2442]],[[102.582,16.088],[102.58,16.0948],[102.5734,16.091],[102.5695,16.0987],[102.5726,16.1078],[102.5821,16.1108],[102.5758,16.1131],[102.5794,16.1186],[102.5831,16.1157],[102.5801,16.121],[102.5865,16.1298],[102.5876,16.1249],[102.5962,16.1244],[102.5941,16.1199],[102.6038,16.1222],[102.6003,16.127],[102.609,16.1315],[102.6135,16.1272],[102.6161,16.1342],[102.6216,16.1261],[102.6263,16.1293],[102.6219,16.1311],[102.6265,16.1365],[102.6241,16.1426],[102.6304,16.1402],[102.6336,16.1454]],[[102.6336,16.1454],[102.6332,16.1401],[102.6392,16.1367],[102.6466,16.1453],[102.645,16.1577],[102.6508,16.1569],[102.648,16.1598],[102.6554,16.1658],[102.6623,16.1656],[102.6559,16.1705],[102.6584,16.1772],[102.6662,16.1741],[102.6672,16.1787],[102.6735,16.1796],[102.6682,16.1806],[102.669,16.1867],[102.6819,16.187]],[[102.4461,16.0534],[102.4645,16.0602],[102.4804,16.0508],[102.481,16.0623],[102.4896,16.0635],[102.49,16.0701],[102.4979,16.0771],[102.513,16.0772],[102.5145,16.0878],[102.5415,16.0727],[102.5497,16.0766],[102.5382,16.0805],[102.5429,16.0844],[102.5672,16.0902],[102.582,16.088]],[[103.1087,16.2295],[103.1154,16.2165],[103.1306,16.2157],[103.1213,16.206],[103.1188,16.2128],[103.1155,16.2106],[103.1163,16.2028],[103.1302,16.1975]],[[103.1302,16.1975],[103.1664,16.1952],[103.1668,16.1899],[103.1783,16.1873],[103.2,16.2022],[103.208,16.1951]],[[104.2178,15.59],[104.2216,15.5794],[104.2364,15.5799],[104.2354,15.5753],[104.2264,15.5752],[104.2235,15.5702],[104.2301,15.5565],[104.2391,15.5617],[104.2335,15.5489],[104.2444,15.5429]],[[101.9253,15.6572],[101.9399,15.6625],[101.9432,15.6692],[101.9466,15.6665],[101.9512,15.6717],[101.947,15.6784],[101.9596,15.6757],[101.9656,15.6872],[101.9693,15.6827],[101.9736,15.6882],[101.9725,15.6824],[101.9784,15.6903],[101.9827,15.6887],[101.9806,15.6842],[101.9876,15.6839],[101.9985,15.6931],[102.0013,15.6894]],[[103.7739,16.1801],[103.7798,16.1723],[103.7989,16.169],[103.7998,16.1627],[103.7903,16.1569],[103.7994,16.1521],[103.8098,16.1648],[103.8215,16.1673],[103.8147,16.1791],[103.8071,16.1779],[103.8088,16.1846],[103.8316,16.1805],[103.8392,16.155],[103.8465,16.1544],[103.8474,16.1641],[103.8506,16.1546],[103.8458,16.1501],[103.8463,16.1417],[103.8345,16.1414],[103.8248,16.1337],[103.8264,16.1265],[103.8376,16.1169],[103.864,16.1149],[103.8744,16.1084],[103.8879,16.0826]],[[103.9033,16.0611],[103.9082,16.0022],[103.9167,15.9981],[103.9187,16.0125],[103.9311,16.0128],[103.925,16.004],[103.9318,15.9968]],[[103.208,16.1951],[103.2211,16.1993],[103.2355,16.1952],[103.2397,16.2046],[103.2567,16.2094],[103.2527,16.2167],[103.2602,16.2127],[103.2675,16.2193],[103.2643,16.23],[103.2682,16.2324],[103.2778,16.2312],[103.2752,16.2215],[103.279,16.2173],[103.3008,16.2285],[103.3032,16.2193],[103.3185,16.2128],[103.3217,16.2188],[103.3145,16.2189],[103.3099,16.2256],[103.3152,16.2304],[103.3337,16.2238],[103.336,16.2176],[103.361,16.2161],[103.363,16.2202]],[[102.2649,15.7828],[102.2698,15.7852],[102.2765,15.7809],[102.3043,15.7911]],[[102.2534,15.7703],[102.2584,15.7727],[102.2563,15.7814],[102.2649,15.7828]],[[102.1628,15.7406],[102.1631,15.7372],[102.1644,15.7445],[102.1862,15.7475],[102.185,15.7401],[102.2015,15.7391],[102.2053,15.7492],[102.2002,15.7498],[102.205,15.7573],[102.2324,15.7434],[102.2438,15.752],[102.253,15.7529],[102.2467,15.7572],[102.2524,15.7598],[102.2525,15.7703]],[[103.9536,15.8723],[103.9571,15.8692],[103.9482,15.8696],[103.9449,15.8608],[103.9643,15.8664],[103.9674,15.8595],[103.9585,15.8552],[103.9629,15.8494],[103.9601,15.8434],[103.9647,15.8418]],[[103.9647,15.8418],[103.9782,15.8291],[103.971,15.8242],[103.9798,15.8103],[103.9878,15.8117],[103.981,15.8021],[103.9881,15.8019],[103.9933,15.8106],[104.0021,15.8031]],[[104.1335,15.7349],[104.1282,15.7219]],[[104.0021,15.8031],[104.0013,15.7951],[104.0254,15.7991],[104.0356,15.7963],[104.0778,15.8196],[104.0794,15.825],[104.0697,15.8287],[104.0707,15.8377],[104.0768,15.839],[104.0972,15.8247],[104.1117,15.8063],[104.1346,15.7988],[104.1386,15.7852],[104.1274,15.7685],[104.133,15.7544],[104.1419,15.7523],[104.1328,15.7449],[104.1335,15.7349]],[[103.8969,15.9538],[103.9032,15.9492],[103.8997,15.939],[103.9103,15.911],[103.9076,15.9011]],[[103.898,15.9556],[103.8969,15.9538]],[[103.9318,15.9968],[103.9351,15.9863],[103.9279,15.9782],[103.9347,15.9737],[103.9218,15.9662],[103.9243,15.9591],[103.9133,15.9564],[103.9137,15.9477],[103.9065,15.9489],[103.9038,15.9576],[103.898,15.9556]],[[101.4953,16.2903],[101.489,16.2811],[101.4833,16.2843],[101.4766,16.2758],[101.4833,16.2691],[101.4806,16.2637],[101.4859,16.2638],[101.4807,16.2452],[101.4872,16.2441],[101.4897,16.2365],[101.4839,16.2229],[101.4954,16.2145],[101.4992,16.2205],[101.5003,16.2144],[101.5076,16.2131],[101.5156,16.2191],[101.5191,16.2125],[101.5495,16.2223],[101.5494,16.2279],[101.5748,16.2229],[101.5793,16.2169],[101.5814,16.2199],[101.5895,16.2021],[101.5833,16.2022],[101.5755,16.1533],[101.5927,16.1515],[101.5959,16.1455],[101.591,16.1377],[101.5947,16.1349],[101.6094,16.1372],[101.6158,16.1319],[101.6156,16.1385],[101.6231,16.1296],[101.6295,16.1298],[101.6312,16.1353],[101.6426,16.129]],[[102.0013,15.6894],[102.0014,15.6893]],[[102.0014,15.6893],[102.0352,15.6679],[102.0318,15.6648],[102.0358,15.6592],[102.0302,15.6549],[102.0336,15.6501],[102.0362,15.6523],[102.0399,15.6395]],[[102.0399,15.6395],[102.0402,15.6392]],[[104.3526,15.4401],[104.3619,15.4507],[104.3616,15.4605],[104.3729,15.4573],[104.3861,15.4426],[104.3919,15.4057],[104.3825,15.4006],[104.3835,15.3928],[104.3919,15.386],[104.4069,15.3881],[104.4182,15.366],[104.4339,15.3683],[104.4298,15.3783],[104.4365,15.3737],[104.4383,15.3579],[104.4337,15.3465],[104.4438,15.3486],[104.447,15.3437],[104.4332,15.3314],[104.4392,15.3202],[104.4365,15.3149]],[[104.4365,15.3149],[104.4237,15.3178],[104.423,15.3145],[104.4363,15.3121],[104.4421,15.3056],[104.4667,15.3147],[104.4788,15.295]],[[104.4788,15.295],[104.4985,15.3028],[104.5051,15.2987],[104.5104,15.3078],[104.5176,15.3095],[104.5179,15.3139],[104.5085,15.3196],[104.5111,15.3244],[104.521,15.3191],[104.532,15.3251],[104.5419,15.3187],[104.5443,15.3245],[104.5644,15.3129],[104.5771,15.3198],[104.5885,15.3074],[104.5878,15.29],[104.6035,15.2858],[104.6089,15.2973],[104.6142,15.2637],[104.6198,15.2648],[104.6209,15.2755],[104.6339,15.2693],[104.6428,15.2725],[104.6465,15.2387],[104.6594,15.2387],[104.6652,15.2317],[104.6627,15.2407],[104.652,15.2483],[104.6582,15.2511],[104.6583,15.2586],[104.6689,15.2551],[104.6789,15.2357],[104.6789,15.2263],[104.6967,15.2237],[104.6937,15.2191],[104.6827,15.2186],[104.6895,15.2058],[104.6809,15.2055],[104.6813,15.2018],[104.6865,15.1993],[104.6958,15.2041],[104.704,15.2004],[104.6984,15.1904],[104.7023,15.1852],[104.7151,15.1952],[104.7184,15.1892],[104.7144,15.1825]],[[104.2485,15.5254],[104.2627,15.5179],[104.2724,15.5211],[104.2721,15.5098],[104.2784,15.5149],[104.2833,15.5104]],[[104.2444,15.5429],[104.2399,15.5357],[104.248,15.5395],[104.2543,15.5363],[104.2466,15.5294],[104.2485,15.5254]],[[104.2833,15.5104],[104.2883,15.5066],[104.2899,15.4936],[104.3009,15.4962],[104.2973,15.4868],[104.2829,15.4838]],[[104.2829,15.4838],[104.2902,15.4774],[104.3013,15.4839],[104.2967,15.4651],[104.2902,15.4601],[104.309,15.4518]],[[104.309,15.4518],[104.3058,15.4441],[104.3306,15.4283],[104.3528,15.4329],[104.3526,15.4401]],[[102.0734,15.6203],[102.0748,15.6242],[102.0817,15.6225],[102.0802,15.626],[102.0855,15.6223],[102.0831,15.6266],[102.0896,15.6268],[102.0859,15.6302],[102.0888,15.6344],[102.0918,15.6274],[102.0953,15.634],[102.0955,15.6295],[102.0997,15.6302],[102.0994,15.6361],[102.106,15.6332],[102.1064,15.6385],[102.1019,15.6384],[102.1082,15.6442],[102.1117,15.6457],[102.1129,15.6394],[102.1147,15.6474],[102.1213,15.6462]],[[102.3852,15.9858],[102.3903,15.9783],[102.392,15.9869],[102.4041,15.981],[102.4111,15.9827],[102.4128,15.9955],[102.4186,15.9906],[102.4217,15.9981],[102.4234,15.9912],[102.4256,15.999],[102.4306,15.9981],[102.4347,16.0052],[102.4304,16.01]],[[102.4304,16.01],[102.439,16.0153],[102.432,16.0187],[102.4364,16.028],[102.4402,16.0304],[102.4475,16.0253],[102.4539,16.0291],[102.4507,16.0335],[102.4553,16.0339],[102.4536,16.0458],[102.4461,16.0534]],[[102.3276,15.8034],[102.3261,15.8213],[102.3195,15.8258],[102.3241,15.8342],[102.3156,15.8469],[102.3208,15.8479],[102.3172,15.8512],[102.3221,15.8569],[102.3203,15.8654],[102.3382,15.8738],[102.3381,15.88],[102.3434,15.8819],[102.3407,15.8874],[102.3534,15.9009]],[[104.6533,15.2387],[104.6539,15.2434]],[[101.6694,16.0051],[101.6755,16.005],[101.6702,15.9943],[101.6833,15.9861],[101.6848,15.976],[101.6956,15.9743],[101.6871,15.9677],[101.6866,15.9581],[101.703,15.9422],[101.6987,15.9277],[101.71,15.9082],[101.7,15.9013],[101.7188,15.8975],[101.7062,15.8937],[101.7036,15.8971],[101.6986,15.8904],[101.7092,15.8838],[101.7129,15.8671],[101.7202,15.8659],[101.7165,15.8568],[101.7217,15.8505],[101.7278,15.8594],[101.7353,15.8578],[101.7303,15.8531],[101.733,15.843],[101.7367,15.8418],[101.7412,15.8486],[101.7444,15.8442],[101.7462,15.8398],[101.7343,15.8364],[101.7452,15.8332],[101.7389,15.8255],[101.7454,15.8092],[101.759,15.8045],[101.7608,15.7941],[101.7699,15.8031],[101.7859,15.7983],[101.7858,15.7872],[101.7968,15.774],[101.7955,15.7693],[101.8079,15.7761],[101.8187,15.7676],[101.8134,15.7603],[101.8156,15.7483],[101.8224,15.7444],[101.8162,15.7403],[101.8238,15.7406],[101.8312,15.7327],[101.8376,15.7407],[101.8431,15.73],[101.8465,15.738],[101.8438,15.7257],[101.8575,15.7253],[101.8531,15.7174],[101.8586,15.7109],[101.8676,15.711],[101.8682,15.7052],[101.8734,15.7078],[101.8836,15.6951],[101.892,15.6948],[101.8935,15.6868],[101.899,15.6884],[101.8997,15.6788],[101.9072,15.6779],[101.9047,15.6685],[101.9148,15.6644],[101.9189,15.667],[101.9253,15.6572]],[[101.7061,16.191],[101.6975,16.1777],[101.6796,16.1726],[101.6804,16.1597],[101.6592,16.1681],[101.6614,16.1636],[101.6525,16.1615],[101.6529,16.1495],[101.6421,16.1584],[101.6327,16.1516],[101.6396,16.1503],[101.6371,16.1421],[101.6461,16.133],[101.6424,16.1292],[101.6538,16.1301],[101.6634,16.116],[101.6609,16.1051],[101.6672,16.1004],[101.6627,16.0973],[101.6694,16.0945],[101.6702,16.0888],[101.6775,16.0921],[101.684,16.0864],[101.6632,16.0772],[101.6689,16.0663],[101.6607,16.0597],[101.6757,16.0522],[101.6699,16.0495],[101.6727,16.0407],[101.6632,16.0331],[101.6716,16.032],[101.677,16.0242],[101.6609,16.0198],[101.6673,16.0094]],[[103.363,16.2202],[103.3629,16.2266],[103.3699,16.2238],[103.3728,16.2302],[103.3814,16.2286],[103.3855,16.233],[103.3831,16.2379],[103.3886,16.2366],[103.3914,16.2412],[103.395,16.2346],[103.4016,16.2444],[103.4064,16.2324],[103.4162,16.2266],[103.4158,16.2394],[103.4321,16.2333],[103.4394,16.2202],[103.4449,16.2293],[103.448,16.2178],[103.443,16.2162],[103.4484,16.2126],[103.4403,16.2059],[103.4505,16.2049],[103.4442,16.1981],[103.4559,16.1915],[103.4481,16.1915],[103.4534,16.1817],[103.4664,16.1937],[103.4722,16.1928],[103.48,16.2083],[103.4928,16.2026],[103.4961,16.2081],[103.5034,16.2081],[103.5015,16.1999],[103.5137,16.2003],[103.5209,16.1955],[103.5318,16.2187],[103.5401,16.2224],[103.5373,16.2114],[103.5602,16.2182],[103.5489,16.208],[103.5513,16.2032],[103.5893,16.1943],[103.5966,16.2023],[103.5996,16.1924],[103.6195,16.2049],[103.6125,16.2088],[103.6127,16.2151],[103.6002,16.2153],[103.6172,16.2176],[103.6288,16.2032],[103.6314,16.1894],[103.6367,16.1868],[103.644,16.1935],[103.6512,16.1885],[103.653,16.204],[103.6562,16.1938],[103.6607,16.1927],[103.666,16.1999],[103.6697,16.1974],[103.6758,16.2015],[103.6665,16.2116],[103.6629,16.2094],[103.6607,16.2156],[103.6648,16.2216],[103.671,16.22],[103.6691,16.2146],[103.6742,16.2118],[103.6858,16.2177],[103.6854,16.2108],[103.6898,16.2172],[103.6961,16.2151],[103.6963,16.2201]],[[101.6673,16.0094],[101.6694,16.0051]],[[102.8903,16.3904],[102.8985,16.3892],[102.9001,16.3716],[102.9158,16.3774],[102.9196,16.3732]],[[102.9196,16.3732],[102.9248,16.3801],[102.9379,16.377]],[[102.3724,15.9484],[102.3743,15.9543],[102.3692,15.9532],[102.3708,15.9585],[102.367,15.9552],[102.3655,15.9654],[102.3723,15.9678],[102.3717,15.9751],[102.3858,15.9807],[102.3852,15.9858]],[[102.3043,15.7911],[102.3081,15.8007],[102.3123,15.8003],[102.3123,15.8081],[102.3276,15.8034]],[[102.0402,15.6392],[102.0479,15.6316],[102.0532,15.6376],[102.0681,15.6363],[102.068,15.6319],[102.075,15.63],[102.0701,15.6255],[102.0734,15.6203]],[[102.7443,16.2425],[102.7432,16.2483],[102.7609,16.2698],[102.7645,16.2864],[102.7612,16.2896],[102.7665,16.2956],[102.7689,16.2898],[102.7723,16.2988],[102.7756,16.2924]],[[102.6819,16.187],[102.6713,16.1956],[102.6726,16.2011],[102.6807,16.1993],[102.6626,16.2118]],[[102.7294,16.2436],[102.7298,16.2482],[102.7443,16.2425]],[[102.6626,16.2118],[102.6723,16.2184],[102.6702,16.2241]],[[102.1431,15.6815],[102.1469,15.6849],[102.1432,15.7068],[102.1498,15.7071],[102.1469,15.7101],[102.1512,15.71],[102.1509,15.7219],[102.1563,15.7198],[102.1535,15.7262],[102.162,15.7257],[102.1547,15.7338],[102.156,15.7412],[102.1628,15.7406]],[[102.3534,15.9009],[102.353,15.9082],[102.3615,15.9203],[102.3583,15.9267],[102.3622,15.9286],[102.355,15.9308],[102.3636,15.9324],[102.3657,15.9447],[102.3692,15.9485],[102.374,15.9455],[102.3724,15.9484]],[[102.2525,15.7703],[102.2534,15.7703]],[[102.1213,15.6462],[102.119,15.6531],[102.1281,15.6512],[102.1252,15.666],[102.1322,15.6671],[102.1277,15.6708],[102.1324,15.675],[102.1371,15.6715],[102.1431,15.6815]],[[102.6867,16.2442],[102.6928,16.2458],[102.6958,16.2392],[102.6985,16.2445],[102.7037,16.2412],[102.7114,16.2476],[102.7294,16.2436]]]}},{"type":"Feature","properties":{"name":"แม่น้ำตาปี"},"geometry":{"type":"MultiLineString","coordinates":[[[99.5579,8.5606],[99.553,8.5636],[99.5442,8.5591],[99.5409,8.5633],[99.53,8.5594],[99.531,8.5531],[99.5263,8.5539],[99.5245,8.5471],[99.5102,8.5453],[99.5142,8.535],[99.5069,8.5289],[99.5073,8.5186],[99.512,8.5101],[99.5001,8.5048],[99.492,8.473],[99.5087,8.4559],[99.5055,8.4502],[99.5088,8.4508],[99.5091,8.4432]],[[99.3065,9.228],[99.3212,9.2319]],[[99.2237,9.1171],[99.219,9.125],[99.2298,9.1382],[99.2215,9.1461],[99.2406,9.1668],[99.2396,9.1717],[99.2484,9.1679],[99.2471,9.1761],[99.2527,9.1765],[99.255,9.1881]],[[99.255,9.1881],[99.2626,9.1881],[99.2638,9.1951],[99.2753,9.1964],[99.296,9.2081],[99.3079,9.2305],[99.3219,9.2446]],[[99.5091,8.4432],[99.512,8.4305],[99.5026,8.4274],[99.4965,8.4148],[99.503,8.4023],[99.4964,8.3973],[99.4903,8.4002],[99.4882,8.3931],[99.4736,8.3926],[99.4722,8.399],[99.4558,8.3993],[99.4518,8.4102],[99.4499,8.4073],[99.4414,8.4112],[99.4304,8.4039],[99.4197,8.4123],[99.4113,8.4038],[99.415,8.3953],[99.4017,8.3981],[99.3918,8.3872],[99.3886,8.3914],[99.3773,8.3875],[99.3714,8.3908]],[[99.2627,8.6163],[99.2597,8.6227],[99.2636,8.6277],[99.2606,8.631],[99.2652,8.6311],[99.2638,8.6385],[99.2769,8.6335],[99.2789,8.6461],[99.2853,8.6437],[99.2774,8.6611],[99.2855,8.6696],[99.2758,8.6691],[99.2706,8.6839],[99.2754,8.6824],[99.2722,8.689],[99.2819,8.694],[99.2728,8.7019],[99.2633,8.6968],[99.2759,8.7077],[99.2695,8.7141],[99.271,8.7218],[99.262,8.7283],[99.2586,8.7207],[99.2583,8.7286],[99.2514,8.7305],[99.2523,8.7364],[99.2442,8.7296],[99.246,8.7409]],[[99.2358,9.051],[99.2315,9.0644],[99.2098,9.0829],[99.2296,9.0989],[99.2237,9.1171],[99.2289,9.1195],[99.2356,9.1133],[99.251,9.1155],[99.2647,9.137],[99.2863,9.1282],[99.2994,9.1384],[99.3165,9.1359],[99.333,9.1652],[99.3514,9.1691],[99.3792,9.1919]],[[99.2776,8.4936],[99.2815,8.5003],[99.2756,8.5017],[99.2784,8.5058],[99.2705,8.5069],[99.2715,8.5211],[99.2645,8.5266],[99.2711,8.5349],[99.2689,8.5387],[99.2828,8.5427],[99.2829,8.5486],[99.2731,8.5597],[99.266,8.5582],[99.2619,8.5645],[99.2535,8.5611],[99.2505,8.5662],[99.2545,8.5713],[99.2664,8.571],[99.2572,8.5797],[99.2631,8.5989],[99.2591,8.61],[99.2644,8.6101],[99.2656,8.6043],[99.2686,8.6067],[99.2627,8.6163]],[[99.246,8.7409],[99.2449,8.7442],[99.2404,8.7405],[99.2422,8.7477],[99.2367,8.7505],[99.2378,8.7544],[99.2301,8.7542],[99.243,8.7568],[99.2395,8.7666],[99.2449,8.7677],[99.2461,8.7743],[99.2294,8.7719],[99.2278,8.7842],[99.2183,8.7837],[99.2213,8.7903],[99.2143,8.7957],[99.2184,8.8088],[99.2272,8.8084],[99.2283,8.8232],[99.2163,8.8303],[99.2171,8.8416],[99.199,8.8472],[99.1969,8.866],[99.1856,8.8653],[99.1842,8.8741],[99.1795,8.876]],[[99.1795,8.876],[99.1871,8.8855],[99.1946,8.8872],[99.1881,8.8893],[99.1939,8.8927],[99.186,8.8952],[99.1976,8.9027],[99.1903,8.9184],[99.2089,8.9301],[99.2064,8.9362],[99.1978,8.9388],[99.2082,8.9456],[99.2204,8.9428],[99.22,8.9505],[99.2152,8.9527],[99.2202,8.9586],[99.2082,8.9787],[99.2144,9.0022],[99.2255,9.0206],[99.2369,9.0295],[99.2323,9.0428],[99.2358,9.051]],[[99.3714,8.3908],[99.3629,8.4043],[99.3555,8.3951],[99.3471,8.3937],[99.3445,8.4082],[99.339,8.4013],[99.3335,8.4118],[99.3256,8.4154],[99.3199,8.4126],[99.323,8.4183],[99.3182,8.4188],[99.317,8.425],[99.3123,8.4236],[99.3179,8.4377],[99.3146,8.4448],[99.3084,8.4455],[99.2964,8.4584],[99.2901,8.4564],[99.2954,8.4745],[99.2883,8.4838],[99.2947,8.4883],[99.2804,8.4938],[99.2803,8.4878],[99.2776,8.4936]],[[99.7206,8.5253],[99.6939,8.5326],[99.6847,8.5411],[99.6515,8.5268],[99.6142,8.536],[99.6064,8.5327],[99.5863,8.5526],[99.5769,8.5514],[99.5579,8.5606]]]}},{"type":"Feature","properties":{"name":"แม่น้ำท่าจีน"},"geometry":{"type":"MultiLineString","coordinates":[[[100.08,15.2266],[100.0728,15.2173]],[[100.0453,15.0875],[100.031,15.0771]],[[100.0846,14.7844],[100.0981,14.7466],[100.0946,14.7383],[100.1017,14.7371],[100.1026,14.7236]],[[100.1281,14.1972],[100.1187,14.1901],[100.1215,14.1821],[100.1159,14.1736],[100.125,14.1643]],[[100.1934,13.7966],[100.2091,13.7828],[100.223,13.7853],[100.2299,13.7935],[100.2363,13.7915],[100.2438,13.7818],[100.2392,13.7709],[100.2464,13.7664],[100.2559,13.7668],[100.2659,13.7758],[100.2835,13.7703],[100.2797,13.7534],[100.2666,13.744],[100.2494,13.7463],[100.2406,13.7524],[100.2359,13.7502],[100.2313,13.7394],[100.2421,13.7313],[100.2393,13.7214],[100.2071,13.7215],[100.2091,13.6976],[100.2229,13.6973],[100.2292,13.7085],[100.2415,13.6986],[100.2401,13.6863],[100.2483,13.6835],[100.2563,13.6885],[100.2602,13.6847]],[[100.2675,13.666],[100.2524,13.656],[100.2426,13.6667],[100.2375,13.6529],[100.2308,13.6639],[100.2162,13.6567],[100.2137,13.6412],[100.2205,13.6388],[100.2306,13.6446],[100.2333,13.6337],[100.228,13.6261],[100.2148,13.6298],[100.213,13.6234],[100.2272,13.621],[100.228,13.6039],[100.2234,13.5958],[100.2312,13.5898],[100.2286,13.5793],[100.2393,13.5718],[100.2429,13.5621],[100.252,13.5578],[100.2512,13.5352],[100.2611,13.5319],[100.2697,13.5437],[100.2775,13.5399],[100.2774,13.5346],[100.2651,13.5266],[100.2793,13.5066]],[[100.0891,14.7734],[100.0884,14.7711]],[[100.0883,14.7706],[100.0878,14.7687]],[[100.0884,14.7711],[100.0883,14.7706]],[[100.1692,14.3887],[100.1644,14.3886],[100.1635,14.3788],[100.1474,14.3643],[100.1531,14.3485],[100.1458,14.3364],[100.1522,14.3139],[100.149,14.305]],[[100.1198,14.5303],[100.113,14.5226],[100.1192,14.5157],[100.1154,14.5097],[100.13,14.4963],[100.1164,14.4858],[100.1193,14.4777],[100.1144,14.4723],[100.121,14.4582],[100.1192,14.4454],[100.1377,14.4301],[100.1315,14.4087],[100.1502,14.3959],[100.157,14.3975],[100.1554,14.4023],[100.1639,14.3997],[100.1692,14.3887]],[[100.1026,14.7236],[100.0975,14.7179],[100.0984,14.7004],[100.1081,14.6858],[100.1031,14.6771],[100.1186,14.6599],[100.1259,14.6578],[100.1246,14.6534],[100.1316,14.6566],[100.1424,14.6527],[100.1409,14.6456],[100.1498,14.6341],[100.1436,14.6193],[100.1549,14.6055],[100.1433,14.5897],[100.1474,14.5823],[100.1418,14.5772],[100.1472,14.5725],[100.1389,14.5728],[100.1405,14.5623],[100.1285,14.5514],[100.1208,14.5322]],[[100.0543,15.1799],[100.0507,15.1665],[100.0552,15.1599],[100.0519,15.1582]],[[100.0728,15.2173],[100.0675,15.2114],[100.0682,15.2018],[100.0562,15.1936],[100.0543,15.1799]],[[100.0476,14.9571],[100.0503,14.9512],[100.0762,14.9398],[100.0825,14.92],[100.074,14.9153],[100.0785,14.905],[100.0891,14.901],[100.0829,14.8969],[100.0876,14.8907],[100.081,14.889],[100.0802,14.8806],[100.0854,14.8747],[100.0828,14.8661],[100.0928,14.8564],[100.1002,14.832],[100.1112,14.8313],[100.1096,14.8233],[100.1142,14.8185],[100.1151,14.8107],[100.1073,14.81],[100.1077,14.8025],[100.1036,14.8031],[100.1047,14.7931],[100.0848,14.7892],[100.0846,14.7844]],[[100.0519,15.1582],[100.0455,15.1357],[100.0378,15.1394],[100.0246,15.1317],[100.0171,15.1143],[100.0236,15.1045],[100.0299,15.1067],[100.0453,15.0875]],[[100.149,14.305],[100.1472,14.2971],[100.1395,14.2997],[100.1401,14.293],[100.1351,14.2928],[100.1379,14.2887],[100.1318,14.2807],[100.1368,14.273],[100.133,14.2654],[100.1355,14.2599],[100.1293,14.2438],[100.118,14.2357],[100.125,14.2286],[100.1124,14.2138],[100.1147,14.2084]],[[100.1147,14.2084],[100.1161,14.2017],[100.1281,14.1972]],[[100.1309,14.1389],[100.1311,14.1284],[100.1202,14.1261],[100.1231,14.1139],[100.1401,14.1068],[100.1477,14.0982],[100.1635,14.1013],[100.175,14.0925],[100.1691,14.0837],[100.1773,14.0631],[100.1718,14.047],[100.1797,14.0167],[100.1777,13.988],[100.1826,13.9729],[100.2021,13.9746],[100.1958,13.963],[100.2085,13.9541],[100.202,13.9388],[100.2024,13.9263],[100.2043,13.9202],[100.2153,13.9188],[100.2052,13.9101],[100.2057,13.9052],[100.222,13.8942],[100.2129,13.8698],[100.223,13.8559],[100.2232,13.8108]],[[100.2232,13.8108],[100.2055,13.8105],[100.1934,13.818],[100.1858,13.8083],[100.1934,13.7966]],[[100.1208,14.5322],[100.1198,14.5303]],[[100.125,14.1643],[100.13,14.1506]],[[100.13,14.1506],[100.1309,14.1389]],[[100.2606,13.6836],[100.2576,13.6786]],[[100.2576,13.6786],[100.2571,13.6735],[100.2675,13.666]],[[100.031,15.0771],[100.0153,15.0734],[100.0089,15.0616],[100.014,15.0503],[100.0306,15.0346],[100.0406,15.0369],[100.0475,15.03],[100.031,15.0047],[100.0114,14.9881],[100.0212,14.9629],[100.0374,14.9569]],[[100.0374,14.9569],[100.0476,14.9571]],[[100.2602,13.6847],[100.2606,13.6836]]]}},{"type":"Feature","properties":{"name":"แม่น้ำน่าน"},"geometry":{"type":"MultiLineString","coordinates":[[[100.5628,17.7644],[100.5632,17.7604]],[[101.1548,19.3815],[101.1509,19.4058],[101.1546,19.4093],[101.1491,19.4237],[101.1537,19.4445],[101.1386,19.4595],[101.1299,19.4595],[101.1181,19.4688],[101.1141,19.48],[101.1107,19.4795],[101.1134,19.4848],[101.1071,19.502],[101.0983,19.5073],[101.0948,19.5257],[101.0793,19.5295],[101.0766,19.5375],[101.0649,19.5373],[101.0576,19.5508],[101.0502,19.552]],[[100.8468,19.2973],[100.8572,19.2867],[100.8537,19.2734],[100.842,19.2707],[100.8447,19.2669],[100.8361,19.2602],[100.8431,19.2542],[100.8326,19.2421],[100.8319,19.2318],[100.8248,19.2251],[100.8122,19.223],[100.8161,19.2102],[100.822,19.21],[100.8205,19.2037],[100.8285,19.2091],[100.8282,19.1939],[100.8341,19.1847]],[[101.0502,19.552],[101.0445,19.5467],[101.0451,19.5374],[101.0316,19.5319],[101.0236,19.5224],[101.0183,19.5259],[101.0124,19.5207],[101.0094,19.5252],[101.0101,19.5171],[101.0043,19.5211],[101.0048,19.5163],[100.9995,19.518],[101.0035,19.5123],[100.992,19.5163],[100.9905,19.5216],[100.9847,19.5193],[100.9764,19.5245],[100.9669,19.5136],[100.9587,19.5125],[100.9255,19.5197],[100.9181,19.5165],[100.9143,19.5241],[100.8925,19.5049],[100.8926,19.5102],[100.8877,19.5073],[100.8837,19.4948],[100.8765,19.4968]],[[100.8765,19.4968],[100.8776,19.4797],[100.8733,19.4802],[100.8706,19.4735],[100.8757,19.4681],[100.8719,19.4659],[100.8764,19.4647],[100.866,19.4631],[100.8706,19.4517],[100.8643,19.4488],[100.8681,19.4469],[100.8664,19.4327],[100.8812,19.4313],[100.8778,19.4158],[100.8692,19.4143],[100.8501,19.3995],[100.8493,19.4059],[100.8449,19.4091],[100.8425,19.4043],[100.8401,19.4092]],[[100.8401,19.4092],[100.8383,19.3917],[100.847,19.3857],[100.842,19.382],[100.8379,19.371],[100.8405,19.3648],[100.8338,19.3534],[100.8431,19.349],[100.8437,19.3401],[100.8365,19.3377],[100.8508,19.3098],[100.8468,19.2973]],[[100.8341,19.1847],[100.8196,19.1835],[100.8125,19.1735],[100.8127,19.1627],[100.807,19.159],[100.805,19.1488],[100.8123,19.1274],[100.8022,19.1145],[100.8081,19.1079],[100.8006,19.0923],[100.7871,19.0866],[100.7852,19.0663]],[[100.7852,19.0663],[100.7797,19.0656],[100.7771,19.0595],[100.7806,19.0402],[100.7872,19.0369],[100.7816,19.0337],[100.7791,19.0188],[100.7886,19.005],[100.7838,19.0023],[100.7854,18.9901],[100.7768,18.9911],[100.7725,18.9598]],[[100.7761,18.5166],[100.7805,18.5199],[100.788,18.514],[100.7939,18.5004],[100.827,18.4937],[100.8204,18.4803],[100.833,18.4706],[100.831,18.4481],[100.8414,18.441],[100.8458,18.4308],[100.8482,18.3927],[100.858,18.3836],[100.8612,18.3714],[100.8779,18.3668],[100.8833,18.3432],[100.8937,18.3286],[100.8907,18.3135]],[[100.7498,18.7018],[100.7487,18.6982],[100.76,18.6878],[100.7594,18.6757],[100.7727,18.6727],[100.7685,18.6676],[100.7526,18.6645],[100.7608,18.6466],[100.7471,18.6483],[100.7449,18.6445],[100.7536,18.6325],[100.7507,18.6228],[100.7662,18.6169],[100.759,18.5976],[100.7656,18.5859],[100.7526,18.5787],[100.7582,18.5653],[100.7691,18.571],[100.7611,18.5487],[100.7668,18.5328],[100.7754,18.5271],[100.7761,18.5166]],[[100.8907,18.3135],[100.872,18.2978],[100.853,18.2959],[100.8445,18.2845],[100.8477,18.2682],[100.8369,18.2384],[100.8121,18.2141],[100.8093,18.153],[100.7694,18.1134],[100.7596,18.0958],[100.7363,18.0807],[100.7301,18.071],[100.7175,18.0682],[100.7115,18.0592],[100.6949,18.0513],[100.6859,18.0516]],[[100.2357,17.6366],[100.2202,17.6462],[100.2223,17.6642],[100.2178,17.6681],[100.2064,17.663],[100.1844,17.6657],[100.1775,17.6596],[100.1622,17.6672],[100.1494,17.6587],[100.1377,17.6603],[100.1348,17.651],[100.1137,17.6402],[100.1187,17.6199],[100.103,17.6264],[100.099,17.6164],[100.1068,17.5936],[100.1203,17.5894],[100.1354,17.5771],[100.1221,17.5544],[100.1116,17.5535],[100.1162,17.5433],[100.1027,17.5424],[100.1019,17.539]],[[100.1019,17.539],[100.1237,17.5159],[100.1182,17.5057],[100.1221,17.4837],[100.1106,17.4833],[100.1185,17.4611],[100.1397,17.4547],[100.1294,17.427],[100.1308,17.418],[100.1195,17.4117],[100.1071,17.4153],[100.0993,17.4106],[100.0998,17.4063],[100.114,17.3999],[100.1096,17.3925],[100.0949,17.3901],[100.1049,17.3719],[100.0678,17.374],[100.069,17.3232],[100.0609,17.3107],[100.0681,17.3011],[100.0819,17.2962],[100.0808,17.2846],[100.073,17.2772],[100.0866,17.2597]],[[100.0866,17.2597],[100.0818,17.2532],[100.0628,17.246],[100.0614,17.2271],[100.0485,17.2112],[100.0642,17.2115],[100.0702,17.1891],[100.0643,17.183],[100.0659,17.1772],[100.0866,17.1684],[100.0916,17.1564],[100.0894,17.1505],[100.1083,17.1387],[100.1032,17.1273],[100.1169,17.1287],[100.1455,17.0991],[100.1529,17.1064],[100.1633,17.0987],[100.164,17.0939],[100.1533,17.0824],[100.1649,17.0761],[100.1764,17.0809],[100.1719,17.0684],[100.1817,17.0537],[100.1722,17.0512]],[[100.1996,17.0308],[100.1942,17.0176],[100.1769,17.0146],[100.192,17.0007],[100.1935,16.9893],[100.2044,16.9923],[100.2078,16.9847],[100.1991,16.9697],[100.208,16.9656],[100.2125,16.9541],[100.1983,16.9522],[100.1978,16.9481],[100.2068,16.93],[100.2179,16.9343],[100.2207,16.9244],[100.2087,16.9073],[100.2178,16.8956],[100.2284,16.8997],[100.2382,16.889],[100.2448,16.8654],[100.2312,16.8538],[100.2497,16.8523],[100.2537,16.8472],[100.2516,16.8363],[100.2615,16.8379],[100.2639,16.8304]],[[100.2639,16.8304],[100.2586,16.8203],[100.2602,16.8138],[100.2404,16.8045],[100.2362,16.7966],[100.225,16.8055],[100.2209,16.7924],[100.2101,16.7908],[100.212,16.777],[100.2024,16.7753],[100.2134,16.7683],[100.2054,16.7608],[100.2135,16.7521],[100.2239,16.7511],[100.2235,16.7451],[100.2337,16.7362],[100.2451,16.712],[100.2653,16.7013],[100.2751,16.6759],[100.2635,16.6704],[100.2736,16.6677],[100.2719,16.6624],[100.2555,16.6671],[100.26,16.6788],[100.252,16.6801],[100.2551,16.6741],[100.2482,16.6692],[100.251,16.6629],[100.2438,16.6636],[100.2342,16.6567]],[[100.2342,16.6567],[100.2395,16.6509],[100.2399,16.6409],[100.2495,16.6433],[100.2422,16.6323],[100.2574,16.6231],[100.2496,16.6173],[100.2524,16.6036],[100.2472,16.5968],[100.2551,16.5895],[100.2448,16.5878],[100.2541,16.5824],[100.2404,16.5847],[100.2387,16.5773],[100.2478,16.5755],[100.2447,16.558],[100.2535,16.549],[100.2514,16.5318],[100.2654,16.5374],[100.2654,16.5244],[100.2743,16.5202],[100.2737,16.4984]],[[100.2737,16.4984],[100.2801,16.4973],[100.2851,16.5074],[100.2897,16.5058],[100.3119,16.5193],[100.3265,16.5183],[100.3227,16.4904],[100.3326,16.4656],[100.3385,16.4659],[100.343,16.4459],[100.3607,16.4386],[100.3626,16.4292],[100.3719,16.4189],[100.3742,16.4043],[100.3873,16.3979],[100.3847,16.3869],[100.3784,16.3841],[100.3818,16.3784],[100.3677,16.3712],[100.381,16.3669],[100.3784,16.3567],[100.383,16.3515],[100.374,16.3465],[100.3835,16.3499],[100.3882,16.347],[100.3912,16.3523],[100.3992,16.346],[100.3943,16.3415],[100.4023,16.3341],[100.3957,16.3323],[100.3962,16.3221],[100.4025,16.3193],[100.405,16.3051],[100.4174,16.2855],[100.4099,16.2648],[100.4116,16.2344],[100.4216,16.2212],[100.4138,16.2137],[100.4144,16.2052],[100.4076,16.1961],[100.4097,16.1815],[100.4029,16.1787],[100.3972,16.1674],[100.3946,16.1582],[100.3991,16.153],[100.3899,16.1493]],[[100.3899,16.1493],[100.4007,16.146],[100.3996,16.1191],[100.4057,16.1126],[100.3968,16.1091],[100.4021,16.0912],[100.3975,16.0807],[100.3755,16.0555],[100.3772,16.0316],[100.3696,16.0096],[100.3436,15.9966],[100.3416,15.9863],[100.3337,15.9907],[100.3216,15.9878],[100.3248,15.9704],[100.3147,15.9663],[100.3205,15.9624],[100.3141,15.9514],[100.2976,15.9541]],[[100.2976,15.9541],[100.303,15.9376],[100.2965,15.9374],[100.2925,15.9271],[100.2986,15.9215],[100.2986,15.9097],[100.303,15.9085]],[[100.5634,17.7604],[100.5626,17.7523],[100.5522,17.7385],[100.5215,17.7348],[100.5166,17.7198],[100.4974,17.7122],[100.4856,17.7168],[100.4672,17.7039],[100.4507,17.7118],[100.4378,17.7029],[100.4241,17.7042],[100.4161,17.6958],[100.4128,17.7216],[100.4073,17.7199],[100.4069,17.7116],[100.3883,17.7037],[100.385,17.7181],[100.3769,17.7188],[100.3733,17.7146],[100.3758,17.7017],[100.3665,17.7018],[100.3616,17.6883],[100.3506,17.6855],[100.3321,17.6689],[100.3093,17.6619],[100.292,17.6662],[100.2855,17.6572],[100.2684,17.6526],[100.2646,17.6435],[100.2507,17.6447],[100.2357,17.6366]],[[100.1722,17.0512],[100.1719,17.0514]],[[100.1719,17.0514],[100.1655,17.0522],[100.1637,17.0447],[100.1702,17.036],[100.1826,17.0423],[100.1804,17.0252],[100.1876,17.0254],[100.1964,17.0339],[100.1996,17.0308]],[[100.303,15.9085],[100.3068,15.8941],[100.2959,15.8925],[100.2793,15.8768],[100.2677,15.8758],[100.2643,15.8704]],[[100.2643,15.8704],[100.265,15.8651],[100.2437,15.8596],[100.2531,15.8502],[100.2498,15.8399],[100.2593,15.842],[100.25,15.8323],[100.2568,15.8255],[100.2461,15.8051],[100.2552,15.8023],[100.2548,15.7528],[100.2473,15.7533],[100.246,15.7447],[100.2295,15.7402],[100.2226,15.7294],[100.2139,15.7259],[100.1993,15.7364],[100.1855,15.7387],[100.1831,15.7269],[100.1727,15.722],[100.169,15.7137],[100.1582,15.7126],[100.1508,15.7026],[100.1409,15.7004]],[[100.8494,19.2943],[100.8525,19.2944]],[[100.7725,18.9598],[100.7664,18.9427],[100.7707,18.9364],[100.766,18.9303],[100.7715,18.9229],[100.7671,18.9205],[100.7806,18.9143],[100.7945,18.898]],[[100.7945,18.898],[100.8011,18.8927],[100.7945,18.8863],[100.8241,18.886],[100.8339,18.876],[100.8012,18.8502],[100.7967,18.8405],[100.7886,18.8449],[100.8013,18.8367],[100.7938,18.8243],[100.789,18.8239],[100.7958,18.8037],[100.7891,18.7856],[100.7662,18.7649],[100.7703,18.7495],[100.7561,18.738],[100.7624,18.7329],[100.766,18.7176],[100.7595,18.7148],[100.7559,18.7232],[100.7533,18.715],[100.7593,18.7051],[100.7498,18.7018]],[[100.5442,18.0155],[100.4755,17.9108],[100.4719,17.8925],[100.4756,17.867],[100.4852,17.8483],[100.523,17.8323],[100.5422,17.777],[100.5628,17.7644]],[[100.6249,18.0438],[100.6085,18.0502],[100.5896,18.0399],[100.5786,18.0443],[100.5731,18.035],[100.5508,18.0353]],[[100.6859,18.0516],[100.6704,18.0447]],[[100.6704,18.0447],[100.6567,18.0388],[100.6249,18.0438]],[[100.5632,17.7604],[100.5634,17.7604]],[[101.1743,19.3227],[101.1583,19.3516],[101.1615,19.3629],[101.1533,19.3767],[101.1548,19.3815]],[[100.5508,18.0353],[100.5442,18.0155]]]}},{"type":"Feature","properties":{"name":"แม่น้ำบางปะกง"},"geometry":{"type":"MultiLineString","coordinates":[[[101.1619,13.8531],[101.158,13.8406],[101.1627,13.8328],[101.1577,13.8256],[101.1695,13.8251],[101.1876,13.8094],[101.1806,13.7984],[101.1971,13.7957],[101.1915,13.7837],[101.2016,13.7802],[101.2043,13.7669],[101.1941,13.7611],[101.1921,13.7479],[101.1814,13.7519],[101.1801,13.7604],[101.1715,13.7585],[101.1727,13.7437],[101.1793,13.7356],[101.2077,13.7413],[101.2105,13.7343],[101.2004,13.7226],[101.1877,13.7263],[101.1805,13.7147],[101.1686,13.7127],[101.1647,13.6966],[101.1554,13.6962],[101.1491,13.7114],[101.1372,13.7079]],[[101.1372,13.7079],[101.1153,13.7099],[101.1078,13.6987],[101.0915,13.6968],[101.0885,13.6865],[101.0761,13.6873],[101.0772,13.6698],[101.066,13.6711],[101.0636,13.6574],[101.0791,13.6538],[101.0746,13.642],[101.0882,13.6452],[101.0921,13.636],[101.0842,13.6231],[101.0687,13.6292],[101.0564,13.6148],[101.0618,13.6017],[101.0762,13.6045],[101.0762,13.5912],[101.0702,13.5847],[101.0492,13.5809],[101.0438,13.5972],[101.0334,13.5915],[101.0312,13.5813],[101.0405,13.567],[101.0229,13.564],[101.0225,13.5483],[101.0053,13.5513],[100.9949,13.5404],[101.0008,13.5251],[100.9979,13.5098],[101.0173,13.5098],[101.0203,13.4988],[101.0071,13.4859],[100.9787,13.5009],[100.9768,13.493],[100.9821,13.4802],[100.9743,13.4738]],[[101.1616,13.8956],[101.1614,13.8891],[101.1527,13.8796],[101.1432,13.8879],[101.1395,13.8841],[101.1442,13.8717],[101.1611,13.8629],[101.1489,13.8555],[101.1496,13.8516]],[[101.1612,13.8539],[101.1619,13.8531]],[[100.9743,13.4738],[100.9709,13.471]],[[101.1496,13.8516],[101.1612,13.8539]]]}},{"type":"Feature","properties":{"name":"แม่น้ำปราจีนบุรี"},"geometry":{"type":"MultiLineString","coordinates":[[[101.7085,13.986],[101.6989,13.9891],[101.6794,13.9752],[101.6677,13.9818],[101.6639,13.9814],[101.6652,13.9753],[101.6582,13.9829],[101.6493,13.981],[101.6499,13.9719],[101.6414,13.9772],[101.6413,13.9707],[101.6332,13.9689],[101.6256,13.9572],[101.6141,13.9601],[101.613,13.9729],[101.6071,13.9686],[101.5881,13.9732],[101.5859,13.968],[101.5735,13.9747],[101.5708,13.963],[101.5655,13.9607],[101.5644,13.9661],[101.5589,13.9589],[101.5339,13.9869],[101.5344,13.9776],[101.524,13.9725],[101.5289,13.965],[101.518,13.968],[101.519,13.9732],[101.5045,13.9747],[101.4943,13.9858],[101.4937,13.9753],[101.477,13.9745],[101.462,13.9945],[101.4598,13.9896],[101.4462,13.9937],[101.4496,14.0009],[101.4541,13.9988],[101.4381,14.0177],[101.4446,14.0204],[101.4456,14.029],[101.4176,14.0337],[101.3981,14.0564],[101.3674,14.0515],[101.3472,14.0571]],[[101.3472,14.0571],[101.3361,14.0508],[101.3355,14.0377],[101.3414,14.0257],[101.3312,14.0059],[101.3077,14.003],[101.2948,14.0126],[101.2746,14.0093],[101.2561,14.0131],[101.2314,14.0058],[101.2189,13.9969],[101.2056,13.9973],[101.2131,13.9827],[101.2028,13.9783],[101.2183,13.9788],[101.2118,13.9694],[101.201,13.9658],[101.2054,13.962],[101.215,13.9665],[101.2158,13.9614],[101.1991,13.9488],[101.2057,13.9442],[101.2039,13.9407],[101.1977,13.9433],[101.1951,13.9521],[101.1918,13.9458],[101.1963,13.9382],[101.1834,13.9414],[101.1815,13.9476],[101.1768,13.9374],[101.1673,13.9337],[101.1715,13.9253],[101.1655,13.9188],[101.1741,13.9146],[101.1616,13.8956]]]}},{"type":"Feature","properties":{"name":"แม่น้ำปิง"},"geometry":{"type":"MultiLineString","coordinates":[[[99.036,19.1642],[99.0352,19.1618]],[[99.5355,16.3922],[99.5849,16.3704],[99.5908,16.3618],[99.6441,16.3628],[99.6503,16.3578],[99.6686,16.3285],[99.6686,16.3177],[99.6904,16.2933],[99.6937,16.2616],[99.7079,16.2548],[99.7051,16.2417],[99.7186,16.2407],[99.7289,16.2334],[99.7227,16.2131],[99.7395,16.2089],[99.7492,16.1988],[99.7674,16.1995],[99.7776,16.1781],[99.7966,16.1673],[99.802,16.1406],[99.789,16.1367],[99.7864,16.1303],[99.7915,16.1274],[99.8063,16.1326],[99.8159,16.1266],[99.8171,16.1177],[99.8363,16.0996],[99.8419,16.0859],[99.8603,16.064],[99.8716,16.0588]],[[99.1178,16.9815],[99.1137,16.9594],[99.0809,16.9401],[99.078,16.9249],[99.1178,16.8809],[99.1269,16.8494],[99.1373,16.8373],[99.1477,16.8081],[99.1871,16.785],[99.1972,16.7668],[99.2152,16.7513],[99.2288,16.731],[99.2526,16.7154],[99.2669,16.6996],[99.2704,16.6852],[99.2841,16.6894],[99.3174,16.6737],[99.3353,16.6511],[99.3502,16.6459],[99.3649,16.6333],[99.4035,16.6399],[99.419,16.6374],[99.4314,16.6296],[99.4561,16.5823],[99.48,16.5612],[99.4949,16.5268],[99.4953,16.4995],[99.5242,16.4701],[99.522,16.4471],[99.5418,16.4354],[99.5425,16.4303],[99.5292,16.4228],[99.5341,16.4102],[99.5305,16.397],[99.5355,16.3922]],[[99.8716,16.0588],[99.8715,16.0409],[99.8775,16.0276],[99.8754,16.0132],[99.8666,16.0045],[99.87,15.9893],[99.9011,15.9761],[99.9169,15.9581],[99.9332,15.9547],[99.9451,15.9432],[99.9583,15.9441],[99.9662,15.9298],[99.9853,15.9389],[99.9956,15.925],[100.0035,15.9218],[100.0139,15.8944],[100.0305,15.8971],[100.0518,15.8821],[100.0597,15.8703],[100.0532,15.8471],[100.0695,15.8466],[100.075,15.8284]],[[98.7022,17.5297],[98.6968,17.5155],[98.7058,17.5004],[98.7055,17.486],[98.6868,17.4692],[98.6811,17.4474],[98.6906,17.4346],[98.6909,17.4245],[98.7196,17.428],[98.7426,17.451],[98.7619,17.4586],[98.7782,17.4754],[98.8007,17.477],[98.8763,17.4536],[98.886,17.4421],[98.8964,17.4378],[98.8923,17.423],[98.9019,17.4125],[98.8985,17.4086],[98.9001,17.3845],[98.8872,17.3847],[98.8813,17.3769],[98.8802,17.3414],[98.8866,17.326],[98.901,17.3143],[98.926,17.2481],[98.9481,17.2412],[98.9646,17.2465],[98.9715,17.2427]],[[98.9715,18.6734],[98.954,18.6447],[98.9534,18.636],[98.9543,18.6202],[98.966,18.6136],[98.9695,18.6027],[98.9571,18.5921],[98.9432,18.5633],[98.9383,18.5638],[98.9324,18.5542],[98.9348,18.5426],[98.9149,18.5361],[98.8791,18.5105],[98.8721,18.5167]],[[98.9673,18.9963],[98.9609,18.9809],[98.9663,18.9749],[98.9646,18.9691],[98.9731,18.9651],[98.9779,18.9391],[98.9668,18.9297],[98.9738,18.925],[98.9678,18.9203],[98.9763,18.9027],[98.9725,18.8894],[98.9782,18.8794],[98.9735,18.8709],[98.9787,18.8645],[98.9745,18.8596],[98.9812,18.8583],[98.9804,18.8515],[98.9861,18.8508],[98.9854,18.8437],[98.9977,18.8287],[98.9949,18.8228],[99.0038,18.8085],[98.9996,18.7946],[99.0071,18.7773],[99.002,18.7702],[99.0039,18.7625],[98.9883,18.7514],[98.981,18.7392],[98.9871,18.7261],[98.9827,18.7094],[98.9872,18.6907]],[[98.7467,17.6908],[98.7231,17.6751],[98.6836,17.665],[98.6899,17.6564],[98.6829,17.6452],[98.6902,17.6329],[98.6969,17.631],[98.6884,17.6263],[98.6908,17.615],[98.6828,17.5932],[98.6944,17.5851],[98.7057,17.5411],[98.7022,17.5297]],[[98.6527,17.9778],[98.6666,17.9732],[98.667,17.9627],[98.6501,17.9607],[98.6264,17.9441],[98.6363,17.918],[98.6465,17.9144],[98.6324,17.9028],[98.6281,17.8881],[98.6344,17.8819],[98.6477,17.881],[98.6511,17.871]],[[98.7254,18.4452],[98.7191,18.434],[98.7085,18.4413],[98.6938,18.4192],[98.698,18.4106],[98.7077,18.4163],[98.7094,18.4134],[98.6988,18.3963],[98.6902,18.3911],[98.6815,18.3678]],[[98.6231,18.2167],[98.6379,18.1982],[98.6356,18.1846],[98.6235,18.1721],[98.6201,18.1485],[98.6231,18.1455],[98.6329,18.1501]],[[98.6329,18.1501],[98.634,18.1333],[98.6238,18.1211],[98.6194,18.1207],[98.614,18.1352],[98.6058,18.1306],[98.6047,18.1197],[98.6178,18.1082],[98.618,18.0959],[98.6095,18.0947],[98.6032,18.1072],[98.591,18.0875],[98.5787,18.0838]],[[98.6815,18.3678],[98.6957,18.3518],[98.7035,18.3324],[98.6984,18.3301],[98.6889,18.3346],[98.6718,18.3264],[98.6759,18.314],[98.6651,18.3019],[98.6445,18.3017],[98.6511,18.2865]],[[98.6511,17.871],[98.6634,17.8484],[98.6613,17.8366],[98.6734,17.83],[98.6707,17.8192],[98.678,17.8168],[98.6762,17.8096],[98.6833,17.8008],[98.6863,17.7787],[98.6937,17.7762],[98.6959,17.7663],[98.7047,17.7621],[98.703,17.744],[98.7086,17.7349],[98.7263,17.7242],[98.7244,17.7153],[98.7432,17.7039],[98.7467,17.6908]],[[98.5787,18.0838],[98.5951,18.0717],[98.6116,18.0737],[98.6187,18.069],[98.6146,18.0608],[98.5996,18.0627],[98.5909,18.0504],[98.5999,18.0387],[98.6137,18.0327],[98.6147,18.0211],[98.6078,18.018],[98.5934,18.0286],[98.5828,18.0178],[98.6093,18.0102]],[[98.8721,18.5167],[98.8617,18.5101],[98.8597,18.5007],[98.8457,18.4982],[98.8364,18.484],[98.8159,18.4727],[98.8137,18.4627],[98.8048,18.4627],[98.7986,18.453],[98.7778,18.4497],[98.7644,18.4345],[98.7425,18.4318],[98.7254,18.4452]],[[98.9736,19.2273],[98.9695,19.2079],[98.9785,19.2067],[98.9826,19.1984],[98.9869,19.1989]],[[100.075,15.8284],[100.0821,15.804],[100.0781,15.7941],[100.0806,15.7831],[100.0907,15.769],[100.0849,15.7555],[100.0915,15.748],[100.1036,15.7464],[100.1068,15.732],[100.1353,15.7276],[100.1463,15.7106],[100.1409,15.7004]],[[98.6093,18.0102],[98.6159,18.0091],[98.6223,17.9946],[98.6319,17.9963],[98.639,18.008],[98.6417,17.9914],[98.6527,17.9778]],[[98.9879,19.4012],[98.9879,19.3959],[98.9771,19.3943],[98.9768,19.3796],[98.9684,19.3657],[98.9681,19.3564],[98.9719,19.3542],[98.968,19.3441],[98.9625,19.3429],[98.9639,19.3277],[98.9564,19.3228],[98.9661,19.3138],[98.9623,19.3096],[98.965,19.304],[98.957,19.3007],[98.9698,19.2859],[98.9691,19.2641],[98.9736,19.2634],[98.9683,19.2546],[98.974,19.2516],[98.9676,19.2488],[98.975,19.2351],[98.9714,19.2327],[98.9736,19.2273]],[[98.9911,19.4474],[98.9944,19.4451],[98.9966,19.4494],[99.002,19.4417],[98.9903,19.4287],[98.9967,19.4256],[98.9918,19.4204],[98.9967,19.4217],[99.001,19.4094],[98.9987,19.4029],[98.991,19.4075],[98.9879,19.4012]],[[98.8926,19.7077],[98.8961,19.6886],[98.9017,19.6899],[98.9183,19.6731],[98.9203,19.6367],[98.9126,19.6306],[98.9164,19.6284],[98.9139,19.6242],[98.9195,19.6169],[98.928,19.6187],[98.9341,19.6096],[98.942,19.6105],[98.9342,19.5871],[98.942,19.579],[98.9462,19.5826],[98.9531,19.5679],[98.951,19.5606],[98.9549,19.5595],[98.9506,19.554],[98.9572,19.547],[98.9535,19.5284],[98.9583,19.5203],[98.9538,19.5167],[98.9562,19.5096],[98.9624,19.5072],[98.9608,19.4999],[98.965,19.5041],[98.9708,19.501],[98.9718,19.4883],[98.9857,19.4609],[98.9947,19.4562],[98.9911,19.4474]],[[98.988,19.1179],[98.9882,19.112],[98.9783,19.1056],[98.9838,19.0998],[98.9798,19.0983],[98.973,19.1055],[98.97,19.0988]],[[99.0352,19.1618],[99.0323,19.1578]],[[98.9027,18.5266],[98.8992,18.5254]],[[98.6417,18.2681],[98.6402,18.2552],[98.6455,18.2481],[98.6322,18.244],[98.6396,18.2236],[98.6343,18.2166],[98.6231,18.2167]],[[98.9027,18.5266],[98.9003,18.5259]],[[98.9914,19.185],[98.9983,19.1791]],[[98.97,19.0988],[98.9606,19.0992],[98.9588,19.1049],[98.9492,19.1034],[98.94,19.0888],[98.9508,19.0768],[98.9433,19.0754],[98.9414,19.0689],[98.9492,19.066],[98.9466,19.0562],[98.9543,19.0547],[98.9601,19.0413],[98.9565,19.035],[98.9608,19.0244],[98.9563,19.0171],[98.9673,18.9963]],[[99.0055,19.1746],[99.007,19.175]],[[99.1456,16.8182],[99.1635,16.7982]],[[99.0089,19.1621],[99.0121,19.1614]],[[98.9869,19.1989],[98.9934,19.1891],[98.9914,19.185]],[[99.0323,19.1578],[99.0268,19.1512],[99.0231,19.1551],[99.0115,19.1532]],[[98.9983,19.1791],[98.9986,19.1742]],[[98.9986,19.1742],[99.0076,19.174],[99.0068,19.1691],[99.0122,19.1663],[99.0089,19.1621]],[[99.0115,19.1532],[99.0075,19.1448]],[[99.0121,19.1614],[99.0115,19.1532]],[[99.0075,19.1448],[99.0072,19.1309],[98.9961,19.1238],[98.9971,19.1193],[98.988,19.1179]],[[98.6416,18.2683],[98.6417,18.2681]],[[98.6511,18.2865],[98.6528,18.2787],[98.6413,18.2752],[98.6416,18.2683]],[[99.435,16.6248],[99.4635,16.5764]],[[98.9493,19.0742],[98.9462,19.0752]],[[98.9506,19.0762],[98.9498,19.0746]]]}},{"type":"Feature","properties":{"name":"แม่น้ำป่าสัก"},"geometry":{"type":"MultiLineString","coordinates":[[[101.0661,14.8617],[101.0658,14.8405]],[[101.1033,15.1394],[101.0957,15.1304],[101.0998,15.1244],[101.0843,15.0898],[101.0903,15.0712],[101.0877,15.0557],[101.0749,15.0485]],[[100.6115,14.4704],[100.5987,14.4589],[100.6004,14.4528]],[[100.7166,14.5579],[100.7169,14.5451],[100.7104,14.5488],[100.707,14.543]],[[100.928,14.5723],[100.9238,14.5544],[100.9268,14.5404],[100.9213,14.5316],[100.9106,14.5303],[100.8959,14.5402],[100.9012,14.5459],[100.8922,14.5444],[100.8857,14.555],[100.8756,14.5496],[100.8637,14.5586],[100.8416,14.5512],[100.8411,14.5568],[100.8336,14.5549],[100.8286,14.5627],[100.8182,14.5661],[100.8127,14.5596],[100.8028,14.5675],[100.8008,14.5581],[100.7916,14.5628],[100.7876,14.56],[100.7828,14.567]],[[101.0785,14.7137],[101.0726,14.6997],[101.0634,14.6998],[101.0659,14.6919],[101.0589,14.6937],[101.0594,14.6894],[101.0524,14.6888],[101.0483,14.6952],[101.0415,14.6886],[101.0429,14.6839],[101.0341,14.6848],[101.0317,14.69],[101.0238,14.6794],[101.0281,14.6566],[101.0224,14.6545],[101.0197,14.6589],[101.0168,14.6534],[101.0216,14.6362],[101.0113,14.6256],[101.0126,14.599],[101.0083,14.5911],[100.9896,14.598],[100.9801,14.5892],[100.9733,14.5933],[100.9617,14.5875],[100.966,14.5806],[100.9618,14.5763],[100.9646,14.5611],[100.958,14.5536],[100.9511,14.5539],[100.9569,14.5663],[100.945,14.5554],[100.928,14.5723]],[[101.3272,16.8829],[101.3277,16.8671],[101.3326,16.8657],[101.3265,16.8638],[101.3312,16.8537],[101.3284,16.8449],[101.3128,16.8342],[101.3096,16.8361],[101.3069,16.8301],[101.2945,16.8329],[101.2911,16.8383],[101.2859,16.8307],[101.2813,16.8368],[101.2756,16.8282],[101.2636,16.8293],[101.264,16.8239],[101.2593,16.8229],[101.2628,16.8176],[101.2596,16.8144],[101.2635,16.8131],[101.2521,16.8054],[101.2565,16.8022],[101.2439,16.7991],[101.249,16.7922],[101.2448,16.779],[101.2532,16.7712],[101.2489,16.764],[101.253,16.7419],[101.2456,16.7401],[101.2429,16.7306],[101.2371,16.7292],[101.2364,16.7195]],[[101.2141,16.6598],[101.2159,16.6543],[101.2112,16.6474],[101.217,16.6449],[101.2151,16.6348],[101.2086,16.6334],[101.2002,16.6064],[101.2054,16.6001],[101.2024,16.5868]],[[101.2364,16.7195],[101.2348,16.7135],[101.2194,16.7042],[101.2252,16.6997],[101.2172,16.6965],[101.2134,16.6775],[101.2187,16.6635],[101.2141,16.6598]],[[101.1685,16.4371],[101.1603,16.4241],[101.1692,16.4183],[101.1716,16.3933],[101.1521,16.3805],[101.1558,16.3623],[101.1469,16.3514],[101.1475,16.3211],[101.1378,16.3099]],[[101.2024,16.5868],[101.2078,16.5848],[101.2077,16.5769],[101.2159,16.5771],[101.22,16.568],[101.212,16.5402],[101.1961,16.5338],[101.196,16.5193],[101.1999,16.5175],[101.1855,16.4986],[101.1856,16.4683],[101.173,16.4644],[101.1685,16.4371]],[[101.1161,16.0056],[101.1271,15.9865],[101.1279,15.9697]],[[101.1279,15.9697],[101.1321,15.9718],[101.1295,15.968],[101.1387,15.9591],[101.1348,15.9596],[101.1374,15.9554],[101.132,15.9492],[101.138,15.9437],[101.1284,15.9378],[101.1309,15.9333],[101.1189,15.9317],[101.1205,15.9248],[101.1143,15.932],[101.1119,15.926]],[[101.1378,16.3099],[101.1387,16.3012]],[[101.1387,16.3012],[101.1419,16.2887],[101.147,16.286],[101.1435,16.2727],[101.1326,16.2691],[101.128,16.2638],[101.1315,16.2604],[101.1228,16.2555],[101.1303,16.2477],[101.1332,16.2346],[101.1293,16.2265],[101.1322,16.2195],[101.1274,16.2168],[101.1347,16.2159],[101.138,16.2097],[101.1304,16.2006],[101.135,16.1868],[101.1203,16.1767],[101.1027,16.1758],[101.1039,16.1676],[101.1085,16.1656],[101.1069,16.1564],[101.0981,16.1542],[101.1083,16.1383]],[[101.1083,16.1383],[101.103,16.1377],[101.1032,16.1277],[101.0954,16.1181],[101.1126,16.0926],[101.1095,16.084],[101.1123,16.0742],[101.1082,16.0707],[101.1115,16.0728],[101.1187,16.0621],[101.117,16.0483],[101.108,16.0464],[101.1012,16.0361],[101.1088,16.031],[101.1087,16.0255],[101.1115,16.0296],[101.1174,16.0243],[101.1108,16.017],[101.1167,16.0123],[101.1161,16.0056]],[[101.2259,15.3401],[101.2123,15.3339],[101.2041,15.3172],[101.2032,15.3101],[101.2105,15.3076],[101.2133,15.2889],[101.2019,15.2849],[101.1971,15.2723],[101.1861,15.2718],[101.1968,15.2601],[101.1924,15.2556],[101.198,15.2521]],[[101.0789,15.5766],[101.0773,15.5624],[101.0844,15.5607],[101.0777,15.5508],[101.0833,15.5394]],[[101.1384,15.3895],[101.144,15.3964],[101.1543,15.3981],[101.1527,15.4012],[101.1613,15.4016],[101.1596,15.4065],[101.1808,15.4044]],[[101.0833,15.5394],[101.0881,15.5391],[101.0895,15.5279],[101.0824,15.5172],[101.0902,15.5179],[101.0962,15.5122],[101.0908,15.5096],[101.0906,15.5009],[101.0836,15.5016],[101.0871,15.4973],[101.0834,15.4891],[101.0914,15.4845],[101.0874,15.4812],[101.0916,15.4734],[101.0961,15.4774],[101.0985,15.4731]],[[101.0985,15.4731],[101.1052,15.4635],[101.1009,15.4528],[101.1064,15.4512],[101.0981,15.4422],[101.1014,15.4358],[101.1157,15.4328],[101.1166,15.4167],[101.1249,15.4197],[101.1313,15.4156],[101.1311,15.4017],[101.1364,15.3975],[101.1318,15.3883],[101.136,15.3854],[101.1384,15.3895]],[[101.0997,15.6547],[101.0988,15.6374],[101.0898,15.6296],[101.1022,15.6206],[101.0956,15.6185],[101.0928,15.623],[101.0869,15.6191],[101.095,15.6077],[101.0853,15.5946],[101.0976,15.5894],[101.0893,15.587],[101.0927,15.5833],[101.088,15.5769],[101.0789,15.5766]],[[101.3529,17.0038],[101.3441,16.9972],[101.3441,16.9831],[101.3334,16.983],[101.3302,16.9896],[101.3256,16.982],[101.3116,16.9862],[101.3041,16.9693],[101.2987,16.9684],[101.2991,16.9742],[101.2913,16.9685],[101.2981,16.9589],[101.2928,16.9576],[101.293,16.943],[101.304,16.9458],[101.3007,16.9378],[101.3145,16.9372],[101.3127,16.9332],[101.3193,16.9293],[101.3146,16.9218],[101.3251,16.9114],[101.3181,16.91],[101.3198,16.8972],[101.3378,16.8943],[101.327,16.8897],[101.3272,16.8829]],[[101.0894,14.8472],[101.0824,14.8435],[101.0835,14.8494],[101.0793,14.8511],[101.0753,14.8471],[101.0776,14.8437],[101.0658,14.8405]],[[101.044,15.8405],[101.0448,15.837],[101.0524,15.8375],[101.0508,15.8332]],[[101.0444,15.841],[101.044,15.8405]],[[101.0743,15.8787],[101.0735,15.8728],[101.0667,15.8749],[101.0625,15.8688],[101.0461,15.8634],[101.0427,15.8572],[101.0352,15.8619],[101.0352,15.8524],[101.0435,15.8521],[101.0466,15.8469],[101.0444,15.841]],[[101.0508,15.8332],[101.0467,15.8279]],[[101.0718,15.8808],[101.0743,15.8787]],[[101.198,15.2521],[101.1877,15.2418]],[[101.1545,15.1993],[101.1524,15.1966]],[[101.1877,15.2418],[101.1773,15.2324],[101.1798,15.2236],[101.1712,15.2227],[101.1684,15.2075],[101.1612,15.1997],[101.1567,15.2027],[101.1545,15.1993]],[[101.2676,17.229],[101.2841,17.2145],[101.2829,17.2062],[101.2961,17.1891],[101.2972,17.1792],[101.3055,17.1835],[101.3094,17.1742],[101.3126,17.1766],[101.3168,17.171],[101.321,17.1713],[101.3194,17.1772],[101.3237,17.1795],[101.3372,17.1757],[101.3449,17.1817],[101.3453,17.1755],[101.359,17.1625],[101.3549,17.1555],[101.3584,17.1546],[101.3535,17.1527],[101.3516,17.1234],[101.3623,17.1192],[101.3672,17.1134],[101.3632,17.1041],[101.3728,17.1044],[101.3711,17.101],[101.3761,17.1005],[101.3798,17.0928],[101.3707,17.0896],[101.3748,17.0874],[101.3708,17.0838],[101.3751,17.0816],[101.3719,17.078],[101.3752,17.0723],[101.3638,17.0683],[101.3662,17.0643],[101.3599,17.0606],[101.3758,17.0522],[101.3727,17.0447],[101.3757,17.0416],[101.3712,17.0398],[101.3764,17.0322],[101.3736,17.0199],[101.3545,17.0141],[101.3529,17.0038]],[[101.1808,15.4044],[101.1849,15.4002],[101.1895,15.403],[101.1955,15.3978],[101.1938,15.3929],[101.2013,15.3907],[101.1982,15.3869],[101.2016,15.3828],[101.1978,15.3823],[101.2089,15.3725],[101.1995,15.3648],[101.2058,15.3623],[101.211,15.3492]],[[101.0467,15.8279],[101.0392,15.8295],[101.0412,15.8245],[101.0366,15.8238],[101.0449,15.8209],[101.0426,15.8122],[101.0378,15.8106],[101.0491,15.8071],[101.0473,15.8015],[101.0526,15.8002],[101.0517,15.7934],[101.0444,15.7915],[101.0596,15.769],[101.06,15.7596],[101.0489,15.7598],[101.0528,15.753]],[[101.0528,15.753],[101.0595,15.7415],[101.0632,15.7439],[101.0651,15.74],[101.0645,15.7345],[101.0617,15.7373],[101.0546,15.7311],[101.0567,15.7234],[101.0631,15.7235],[101.0688,15.7137],[101.0758,15.716],[101.0802,15.7098],[101.0747,15.7006],[101.0792,15.6918],[101.0759,15.691],[101.0879,15.6755],[101.0812,15.6731],[101.0784,15.665],[101.0918,15.6585],[101.0911,15.6546],[101.0975,15.6542],[101.0979,15.658],[101.0997,15.6547]],[[101.1119,15.926],[101.1092,15.9239],[101.115,15.9152],[101.1054,15.9108],[101.0981,15.9134],[101.0988,15.9174],[101.0905,15.9022],[101.0818,15.9101],[101.0777,15.9074],[101.0793,15.9135],[101.0697,15.9083],[101.0662,15.8978],[101.0718,15.8808]],[[101.0658,14.8405],[101.0677,14.8311],[101.0787,14.8356],[101.0891,14.8311],[101.0785,14.8188],[101.0817,14.8111],[101.069,14.814],[101.0728,14.7917],[101.0622,14.7891],[101.0736,14.7646],[101.0622,14.7599]],[[101.0751,14.7188],[101.0785,14.7137]],[[101.1524,15.1966],[101.1443,15.186],[101.1458,15.1787],[101.1389,15.184],[101.1359,15.1798],[101.1397,15.1907],[101.1288,15.1954],[101.116,15.1745],[101.101,15.1755],[101.0998,15.1658]],[[101.0998,15.1658],[101.1049,15.1557],[101.0974,15.1533],[101.0964,15.1461],[101.1115,15.1453],[101.1033,15.1394]],[[100.7592,14.5581],[100.7547,14.5566]],[[100.6727,14.4994],[100.6545,14.4955],[100.6509,14.509],[100.6449,14.5078]],[[101.0428,15.0218],[101.0569,14.9751],[101.0613,14.9771],[101.0607,14.9714],[101.0682,14.9697],[101.0554,14.9558],[101.0452,14.9554],[101.0436,14.9493],[101.0618,14.945],[101.0823,14.9037],[101.0661,14.8617]],[[100.5808,14.3758],[100.5793,14.3723]],[[100.5793,14.3723],[100.5799,14.364]],[[100.5799,14.364],[100.5804,14.3625]],[[100.5819,14.3474],[100.5764,14.3449]],[[100.6449,14.5078],[100.6472,14.4973]],[[100.6472,14.4973],[100.6443,14.493],[100.6304,14.5032],[100.6209,14.4896]],[[100.621,14.4882],[100.6219,14.475],[100.6115,14.4704]],[[100.6015,14.4453],[100.5991,14.4367]],[[100.6036,14.4521],[100.6065,14.4488],[100.6015,14.4453]],[[100.5984,14.4351],[100.5991,14.4328]],[[100.5991,14.4328],[100.5964,14.4189],[100.5821,14.3986]],[[100.7547,14.5566],[100.7541,14.5599]],[[100.7541,14.5599],[100.751,14.5651],[100.7418,14.5581],[100.7385,14.564],[100.7321,14.5648]],[[100.7774,14.5574],[100.7689,14.5618],[100.7592,14.5581]],[[100.7321,14.5648],[100.7266,14.5593]],[[100.7266,14.5593],[100.7166,14.5579]],[[100.707,14.543],[100.7087,14.5386]],[[100.7087,14.5386],[100.6979,14.5399],[100.7025,14.5318],[100.6997,14.5284],[100.6911,14.5322]],[[100.6911,14.5322],[100.6842,14.5288]],[[100.6842,14.5288],[100.6796,14.5244]],[[100.6796,14.5244],[100.6628,14.514]],[[100.6628,14.514],[100.6688,14.5039]],[[100.6688,14.5039],[100.6727,14.4994]],[[100.5809,14.3581],[100.5812,14.3546]],[[100.5812,14.3546],[100.5819,14.3482]],[[100.5804,14.3625],[100.5809,14.3594]],[[100.5809,14.3594],[100.5809,14.3581]],[[100.5819,14.3482],[100.5819,14.3474]],[[100.5828,14.3819],[100.581,14.3761]],[[100.5816,14.3956],[100.5841,14.3896]],[[100.5841,14.3896],[100.5828,14.3819]],[[100.581,14.3761],[100.5808,14.3758]],[[100.5821,14.3986],[100.5816,14.3956]],[[100.6004,14.4528],[100.6036,14.4521]],[[101.061,14.7599],[101.0635,14.7558],[101.0548,14.7488],[101.0605,14.7345],[101.0531,14.7213],[101.0629,14.7197],[101.0619,14.7256],[101.0712,14.7321],[101.0754,14.7303],[101.0751,14.7188]],[[101.0616,14.7612],[101.061,14.7599]],[[101.0622,14.7599],[101.0616,14.7612]],[[100.5991,14.4367],[100.5984,14.4351]],[[100.6209,14.4896],[100.621,14.4882]],[[101.0749,15.0485],[101.0707,15.0452],[101.0597,15.0497],[101.0648,15.0436],[101.0428,15.0218]],[[100.7828,14.567],[100.7823,14.5664]],[[100.7823,14.5664],[100.7774,14.5574]],[[101.211,15.3492],[101.2234,15.3492],[101.2259,15.3401]]]}},{"type":"Feature","properties":{"name":"แม่น้ำมูล"},"geometry":{"type":"MultiLineString","coordinates":[[[104.1001,15.343],[104.1294,15.3454],[104.1328,15.3417],[104.131,15.3293],[104.1438,15.3241],[104.1496,15.3383],[104.1542,15.339],[104.164,15.331],[104.1733,15.3122],[104.1952,15.3008],[104.2039,15.3034],[104.2036,15.2838],[104.2092,15.2735],[104.2256,15.2647],[104.2408,15.272],[104.2439,15.2274],[104.2703,15.2269],[104.2707,15.2483],[104.2756,15.2528],[104.2841,15.2511],[104.2977,15.2408],[104.3251,15.2041],[104.3358,15.2059],[104.3527,15.1853],[104.3637,15.1842],[104.3785,15.1946],[104.3872,15.1928],[104.3818,15.1599],[104.4197,15.146],[104.4354,15.1514],[104.4449,15.1351],[104.505,15.1335],[104.52,15.1439],[104.5293,15.1575],[104.5556,15.1417],[104.5967,15.1416],[104.6012,15.1448],[104.5989,15.1527],[104.6045,15.1533],[104.6165,15.1471],[104.6317,15.1257],[104.6452,15.1276],[104.6386,15.1475],[104.6417,15.1505],[104.6505,15.1454],[104.6636,15.146],[104.6811,15.1299],[104.6946,15.1286],[104.7359,15.16],[104.7356,15.1659],[104.7261,15.171],[104.6987,15.1576],[104.7003,15.1746],[104.7144,15.1825]],[[102.5756,15.308],[102.5868,15.3011],[102.5975,15.3102],[102.5957,15.3205],[102.6029,15.3183],[102.605,15.3248],[102.6105,15.323],[102.61,15.3267],[102.6193,15.3293]],[[102.903,15.3792],[102.9108,15.374],[102.9119,15.3644],[102.9165,15.3627],[102.9192,15.3686],[102.9244,15.3623],[102.9233,15.3682],[102.9354,15.3687],[102.9421,15.3748],[102.94,15.3835],[102.9551,15.3827]],[[103.3509,15.3467],[103.3615,15.3451],[103.3605,15.3383],[103.3745,15.3393],[103.3876,15.3244],[103.3863,15.3185],[103.4006,15.3146],[103.4039,15.3085],[103.409,15.3141],[103.4147,15.3105],[103.4189,15.3167],[103.4297,15.3087],[103.4288,15.321],[103.4354,15.3226],[103.4325,15.3293],[103.4358,15.3353],[103.4429,15.3307],[103.451,15.3355],[103.4423,15.3381],[103.4453,15.3452],[103.4514,15.3437],[103.4534,15.3368],[103.4639,15.3396]],[[102.2394,14.9326],[102.2444,14.9599],[102.2369,14.9665],[102.2435,14.975],[102.24,14.9769],[102.2425,14.9861]],[[104.7144,15.1825],[104.7201,15.1809],[104.7435,15.1986],[104.7719,15.2322],[104.7853,15.2415],[104.8077,15.236],[104.8154,15.2274],[104.8124,15.218],[104.795,15.2145],[104.7926,15.2085],[104.8318,15.2057],[104.8421,15.2094],[104.8507,15.2231],[104.8724,15.2233],[104.8898,15.2336],[104.924,15.2265],[104.9456,15.2368],[105.0049,15.2813],[105.0265,15.2734],[105.1035,15.3061],[105.136,15.3037],[105.1803,15.3133],[105.1907,15.3114],[105.208,15.3014],[105.2334,15.2523],[105.2466,15.2472],[105.2533,15.2352],[105.2766,15.2284],[105.2889,15.2505],[105.303,15.2597],[105.3078,15.2699],[105.3311,15.2761],[105.3313,15.285],[105.3632,15.2913],[105.391,15.3047],[105.4068,15.3043],[105.4318,15.2805],[105.4383,15.2676],[105.4491,15.2651],[105.4677,15.2786],[105.4677,15.2947],[105.4736,15.3005],[105.4866,15.3017],[105.508,15.3186]],[[103.1001,15.4328],[103.0899,15.4195],[103.1067,15.4096]],[[103.0508,15.4528],[103.0572,15.4492],[103.0513,15.4446],[103.0527,15.4393],[103.0584,15.4338],[103.0609,15.4423],[103.0621,15.4316],[103.0685,15.4264],[103.0718,15.4314],[103.0728,15.4278],[103.0865,15.427],[103.0823,15.4347],[103.0926,15.4323],[103.0938,15.4385],[103.1001,15.4328]],[[102.7491,15.3651],[102.7563,15.3859],[102.768,15.3826],[102.7674,15.387],[102.7731,15.389],[102.7813,15.3807],[102.7836,15.3862],[102.7915,15.3817],[102.7925,15.3884],[102.8029,15.3768],[102.8075,15.3831],[102.8112,15.378],[102.8259,15.3874],[102.8348,15.3869],[102.8387,15.4049]],[[102.8387,15.4049],[102.8516,15.4017],[102.857,15.3905],[102.861,15.3963],[102.865,15.3899],[102.876,15.3862],[102.874,15.3736],[102.88,15.3689],[102.8867,15.3747],[102.897,15.3684],[102.896,15.3766],[102.903,15.3792]],[[102.6483,15.3659],[102.6524,15.363],[102.6492,15.3584],[102.6584,15.3641],[102.6633,15.3639],[102.6666,15.3566],[102.6734,15.3577],[102.6695,15.362],[102.6814,15.3661],[102.6795,15.3701],[102.6842,15.3687],[102.6897,15.3801],[102.6926,15.3764],[102.6937,15.3816],[102.7054,15.3801],[102.7081,15.3852],[102.7132,15.3824],[102.7146,15.387],[102.7285,15.3887],[102.7345,15.3856],[102.735,15.3768],[102.7402,15.3767],[102.7383,15.3724],[102.7491,15.3651]],[[103.5053,15.2923],[103.514,15.2949],[103.5203,15.2843],[103.5235,15.301],[103.5273,15.2882],[103.5327,15.2911],[103.5319,15.299],[103.5602,15.2823],[103.5709,15.2833],[103.5869,15.3018],[103.5962,15.297],[103.6171,15.3023],[103.6377,15.3224]],[[102.6193,15.3293],[102.6192,15.3388],[102.6246,15.3408],[102.6186,15.3422],[102.6243,15.3471],[102.628,15.345],[102.6301,15.3572],[102.6376,15.3613],[102.644,15.3543],[102.6427,15.3618],[102.6483,15.3659]],[[103.1582,15.3522],[103.1708,15.3636],[103.1787,15.3598],[103.1817,15.3681],[103.1944,15.3657],[103.1966,15.3583],[103.1872,15.3579],[103.1926,15.3529],[103.1965,15.3358],[103.201,15.3362],[103.202,15.3431],[103.2071,15.3393],[103.2119,15.3429],[103.2106,15.3308]],[[103.2353,15.3195],[103.2526,15.3207],[103.2498,15.3066],[103.2597,15.3139],[103.2662,15.3109],[103.268,15.3179],[103.276,15.3182],[103.2769,15.314],[103.286,15.3169],[103.2807,15.3071],[103.2896,15.2986],[103.306,15.3192],[103.3158,15.3181],[103.3136,15.3273],[103.3204,15.3277],[103.3243,15.3333],[103.3297,15.3313],[103.3282,15.3373],[103.3397,15.3359],[103.3423,15.3438],[103.3501,15.3403],[103.3509,15.3467]],[[103.8282,15.4562],[103.8352,15.4609],[103.8463,15.4563],[103.854,15.4664],[103.8613,15.449],[103.8659,15.4618],[103.8779,15.4684],[103.8876,15.4548],[103.8906,15.4687],[103.9001,15.4497],[103.8991,15.4418],[103.9053,15.4425],[103.9097,15.4359],[103.9232,15.4388],[103.9296,15.4324],[103.9461,15.4383],[103.9479,15.4333],[103.9418,15.427],[103.951,15.4128],[103.9626,15.4144],[103.9621,15.4232],[103.9748,15.4257],[103.9714,15.408],[103.989,15.407],[103.9941,15.3935],[104.0032,15.3992],[104.0049,15.4098],[104.0135,15.4036],[104.019,15.4115],[104.0252,15.4051],[104.0338,15.407],[104.0517,15.3978],[104.06,15.4031],[104.0742,15.3924],[104.0721,15.3815],[104.0819,15.3835],[104.0847,15.3578],[104.0916,15.348]],[[105.4677,15.2947],[105.4682,15.3034],[105.4736,15.3005]],[[105.4732,15.3015],[105.4767,15.3008]],[[102.3171,15.0576],[102.32,15.0679],[102.3272,15.069],[102.3246,15.0724],[102.3351,15.0729],[102.3396,15.08],[102.3476,15.0806]],[[102.4531,15.2164],[102.4549,15.213],[102.4574,15.221],[102.4717,15.2208]],[[102.4717,15.2208],[102.4863,15.2307],[102.498,15.2255],[102.5106,15.2345],[102.5085,15.2404],[102.5161,15.2382],[102.5152,15.2438],[102.5218,15.2439],[102.5213,15.2489],[102.5257,15.2455],[102.5227,15.251],[102.5301,15.2508],[102.5341,15.2629],[102.5467,15.2682],[102.5486,15.2634],[102.55,15.2735],[102.5598,15.2786],[102.5568,15.2875],[102.5629,15.2874],[102.562,15.2918],[102.5756,15.308]],[[102.3476,15.0806],[102.3466,15.0902],[102.364,15.0866],[102.3498,15.1073],[102.3529,15.1155],[102.3659,15.1166],[102.367,15.1263],[102.3745,15.1253],[102.3734,15.1298],[102.3786,15.1313],[102.3699,15.1504],[102.3685,15.1621],[102.3741,15.1645],[102.3682,15.1735],[102.3777,15.1818],[102.3754,15.1879],[102.3828,15.1937],[102.3827,15.2003],[102.3918,15.1949],[102.3904,15.1997],[102.3971,15.2037],[102.3927,15.2085],[102.3955,15.2119],[102.4185,15.2179],[102.4209,15.2148],[102.4281,15.2232],[102.433,15.2217],[102.4315,15.2254],[102.4364,15.2224],[102.4354,15.2293],[102.4531,15.2164]],[[103.6377,15.3224],[103.6508,15.3525],[103.6666,15.3624],[103.6771,15.3404],[103.6708,15.3387],[103.6664,15.3283],[103.6765,15.3259],[103.6987,15.3394],[103.7108,15.3689],[103.7177,15.369],[103.7217,15.3599],[103.7318,15.363],[103.7337,15.3533],[103.7439,15.3535],[103.7544,15.3702],[103.7611,15.3715],[103.771,15.3648],[103.7749,15.3779],[103.7835,15.3775],[103.7866,15.3843],[103.796,15.387],[103.7983,15.4089],[103.8053,15.4083],[103.807,15.3924],[103.8141,15.3982],[103.8123,15.4113],[103.8276,15.403],[103.8189,15.439],[103.8293,15.4466],[103.8282,15.4562]],[[104.0916,15.348],[104.0976,15.3444]],[[102.1242,14.4548],[102.1352,14.4733],[102.1507,14.4818],[102.1516,14.4919],[102.1569,14.4936],[102.156,14.5061],[102.1631,14.5167],[102.1602,14.535],[102.1665,14.538],[102.1629,14.5411],[102.1684,14.5581]],[[102.1684,14.5581],[102.1759,14.5831],[102.1676,14.5942],[102.1668,14.612],[102.1599,14.6072],[102.1572,14.6153],[102.1504,14.6149],[102.1546,14.6367],[102.1513,14.6501],[102.1581,14.6635],[102.1768,14.6659]],[[102.1768,14.6659],[102.1916,14.6746],[102.1924,14.6827],[102.1979,14.6832],[102.2004,14.6905],[102.2056,14.6899],[102.2081,14.7098],[102.2044,14.7124],[102.2108,14.7171],[102.2103,14.7244]],[[102.2103,14.7244],[102.2024,14.737],[102.212,14.7435],[102.2128,14.7544],[102.209,14.7542],[102.2104,14.765],[102.199,14.7867],[102.2006,14.7949],[102.2145,14.8078],[102.2038,14.815],[102.208,14.8386],[102.1971,14.8521],[102.2021,14.8552],[102.1996,14.8694],[102.2072,14.8724],[102.205,14.881],[102.2134,14.89],[102.2131,14.897],[102.2205,14.907],[102.2245,14.9027],[102.2377,14.9134]],[[102.9704,15.4267],[102.9788,15.429],[102.9764,15.4202],[102.9822,15.4159],[102.98,15.4242],[102.9845,15.4265],[102.9889,15.4226],[102.986,15.4182],[102.9929,15.4142],[103.0014,15.4279],[103.0124,15.4297],[103.0066,15.4332],[103.0101,15.4365]],[[102.2793,15.0308],[102.291,15.044],[102.2967,15.0412],[102.3025,15.0458],[102.3045,15.0546],[102.3171,15.0576]],[[102.2797,15.0192],[102.2785,15.0289]],[[102.2449,14.9901],[102.2602,14.9972],[102.2647,15.0045],[102.2619,15.0133],[102.2797,15.0192]],[[102.2425,14.9861],[102.2404,14.9907],[102.2449,14.9901]],[[102.2381,14.9173],[102.2394,14.9326]],[[103.2106,15.3308],[103.2188,15.3354],[103.2239,15.3293],[103.2188,15.3285],[103.2218,15.3244],[103.2188,15.3215],[103.2257,15.3231],[103.231,15.3172],[103.2325,15.3243],[103.2353,15.3195]],[[103.1228,15.4025],[103.1351,15.4006],[103.133,15.4085],[103.1373,15.4125],[103.1458,15.4032],[103.1413,15.3884],[103.1483,15.3814],[103.1543,15.3846],[103.1554,15.3789],[103.1478,15.3763],[103.1567,15.3729],[103.1552,15.3646],[103.1639,15.3644],[103.1586,15.362],[103.1582,15.3522]],[[103.0101,15.4365],[103.0128,15.4353]],[[103.0128,15.4353],[103.0213,15.4298],[103.0342,15.443],[103.0401,15.4446],[103.0438,15.4396],[103.0449,15.452],[103.0508,15.4528]],[[103.1067,15.4096],[103.1139,15.4099],[103.1152,15.4034],[103.1228,15.4025]],[[103.4703,15.3385],[103.4745,15.3289],[103.4688,15.3262],[103.4721,15.3205],[103.4818,15.3201],[103.4859,15.311],[103.4915,15.3172],[103.4969,15.3077],[103.5032,15.3139],[103.5036,15.3067],[103.497,15.3015],[103.5053,15.2923]],[[103.4639,15.3396],[103.4677,15.3473],[103.4703,15.3385]],[[102.9582,15.4034],[102.9671,15.4076],[102.9647,15.419],[102.9709,15.4201],[102.9704,15.4267]],[[102.9539,15.3999],[102.9528,15.4033],[102.9582,15.4034]],[[102.9551,15.3827],[102.9539,15.3999]],[[102.2377,14.9134],[102.2381,14.9173]],[[102.2785,15.0289],[102.2793,15.0308]],[[104.0976,15.3444],[104.1001,15.343]]]}},{"type":"Feature","properties":{"name":"แม่น้ำยม"},"geometry":{"type":"MultiLineString","coordinates":[[[100.2809,19.1566],[100.2754,19.1514],[100.2802,19.1443],[100.2801,19.1363],[100.2752,19.1329],[100.2792,19.1258],[100.2728,19.1258],[100.2749,19.1147],[100.265,19.1057],[100.2634,19.0648],[100.2485,19.0572],[100.2569,19.0466],[100.2738,19.0469],[100.2765,19.0426],[100.2669,19.0187],[100.2877,19.0157],[100.2964,19.0033],[100.2902,18.9982],[100.2856,19.0053],[100.2823,19.0022],[100.2861,18.9926],[100.2713,18.9905],[100.2708,18.9824],[100.2767,18.9795],[100.2721,18.971],[100.2608,18.9686],[100.265,18.9568],[100.2543,18.9534],[100.2591,18.9468],[100.2511,18.9382],[100.2522,18.9318],[100.2596,18.926],[100.2725,18.9256],[100.2691,18.9113],[100.2786,18.9034],[100.2682,18.8998],[100.2741,18.8915],[100.2628,18.8865],[100.2604,18.8762],[100.2423,18.8609],[100.2367,18.8282],[100.2399,18.8193],[100.2328,18.8172],[100.2386,18.8066],[100.2323,18.8028],[100.2294,18.7862],[100.2185,18.7887],[100.2249,18.7704],[100.2232,18.7646],[100.2144,18.7649],[100.2231,18.7541],[100.2159,18.7516],[100.2193,18.7351],[100.2276,18.7364],[100.2308,18.7312],[100.2248,18.7286],[100.2233,18.7219],[100.2097,18.7239],[100.2033,18.7157],[100.2226,18.7054],[100.2096,18.7031],[100.2104,18.6962],[100.2003,18.6884],[100.199,18.6796],[100.1749,18.6596],[100.1698,18.66],[100.1696,18.6521],[100.1549,18.6396],[100.1625,18.6208],[100.1481,18.5976],[100.1512,18.5587],[100.1549,18.527],[100.167,18.4991],[100.1642,18.4961],[100.1565,18.4992],[100.1548,18.508],[100.1503,18.4992],[100.1603,18.473]],[[99.8539,17.1697],[99.8335,17.1633],[99.8288,17.1343],[99.8231,17.1294],[99.8271,17.1154],[99.8181,17.0981],[99.8216,17.0886],[99.8343,17.0821],[99.8372,17.0705],[99.8349,17.0607],[99.8176,17.0447],[99.8254,17.0316],[99.8194,17.0266],[99.8171,17.0094],[99.8328,17.003],[99.8358,16.9941],[99.8299,16.9755],[99.8254,16.9738],[99.8295,16.973],[99.828,16.969],[99.8221,16.9665],[99.8303,16.9581],[99.8226,16.9447],[99.8281,16.9332],[99.8415,16.9273],[99.8363,16.926],[99.8402,16.9167],[99.8489,16.9182],[99.8507,16.912],[99.8554,16.9174],[99.857,16.9127],[99.8695,16.9123],[99.8729,16.9161],[99.88,16.9049]],[[99.8599,17.2205],[99.8654,17.2043],[99.8601,17.1989],[99.8526,17.1995],[99.8587,17.1926],[99.8549,17.1851],[99.8619,17.1711],[99.8588,17.1669],[99.8539,17.1697]],[[100.2497,16.2668],[100.2512,16.2596],[100.2437,16.2521],[100.2526,16.2419],[100.2453,16.2358],[100.2447,16.228],[100.2539,16.2057],[100.246,16.203],[100.25,16.196],[100.2387,16.1845],[100.2456,16.1799],[100.2376,16.1669],[100.25,16.1467],[100.2676,16.1391],[100.2658,16.1339],[100.2594,16.1341],[100.2693,16.1067],[100.257,16.0909],[100.2645,16.0809],[100.2621,16.0685],[100.2732,16.0526],[100.2715,16.0454],[100.2649,16.0444],[100.2663,16.0331],[100.2574,16.0222],[100.2677,16.0153]],[[100.2677,16.0153],[100.2739,16.011],[100.2738,16.0035],[100.2695,15.9934],[100.2591,15.9889],[100.2721,15.9836],[100.272,15.9787],[100.2649,15.971],[100.2596,15.9794],[100.2528,15.9753],[100.2594,15.9646],[100.2491,15.952],[100.259,15.9533],[100.2505,15.9431],[100.2649,15.9346],[100.2676,15.9232],[100.2762,15.9311],[100.2724,15.9202],[100.2795,15.9189],[100.2722,15.9139],[100.2671,15.9197],[100.2633,15.9094],[100.2554,15.9098],[100.2543,15.9211],[100.2475,15.9139],[100.2501,15.904],[100.2575,15.9053],[100.2517,15.9014],[100.2563,15.8965],[100.2595,15.8961],[100.2606,15.904],[100.2695,15.8955],[100.2612,15.8895],[100.2614,15.881],[100.25,15.875],[100.2643,15.8704]],[[100.029,16.8709],[100.0418,16.8707],[100.0438,16.8639],[100.0601,16.8583],[100.0655,16.8452]],[[100.0655,16.8452],[100.0546,16.8331],[100.0568,16.8271],[100.0625,16.8267],[100.0604,16.822],[100.0664,16.8235],[100.0672,16.8147],[100.0775,16.8137],[100.08,16.8085],[100.072,16.8047],[100.0754,16.7957],[100.0841,16.797],[100.0793,16.7949],[100.0783,16.783],[100.088,16.7856],[100.0979,16.7718],[100.1061,16.7746],[100.1104,16.7659],[100.1063,16.7625],[100.114,16.7619],[100.1116,16.7553],[100.119,16.7625],[100.1359,16.7596],[100.1437,16.7507],[100.1481,16.7344],[100.1553,16.7358],[100.1624,16.7307],[100.1614,16.7178],[100.1691,16.7239],[100.1676,16.7112],[100.174,16.7058],[100.1734,16.6992],[100.1853,16.7047],[100.1847,16.6973],[100.1917,16.6947],[100.1879,16.688],[100.191,16.6756],[100.1791,16.6633],[100.1877,16.6612],[100.1952,16.6455],[100.2242,16.6255],[100.2254,16.6153],[100.2314,16.6141],[100.2249,16.6082],[100.2263,16.5938],[100.2202,16.5908],[100.2159,16.5745],[100.225,16.5688],[100.2198,16.563],[100.2224,16.5564],[100.21,16.5428],[100.2176,16.5291],[100.2024,16.5106],[100.2047,16.4974],[100.2101,16.4922],[100.2169,16.4941],[100.2208,16.4804],[100.2307,16.4743],[100.2408,16.457],[100.217,16.4429],[100.2123,16.4443],[100.2116,16.434],[100.2046,16.428],[100.2175,16.4094],[100.258,16.3883],[100.2569,16.3738],[100.2636,16.372],[100.2597,16.3663],[100.2666,16.3526],[100.2658,16.3418],[100.2749,16.3343],[100.2719,16.3253],[100.2652,16.3261],[100.2649,16.3193],[100.2693,16.3183],[100.267,16.3125],[100.2737,16.3098],[100.2754,16.3011],[100.2639,16.2999],[100.2624,16.2927],[100.2563,16.2954],[100.2564,16.2816],[100.2447,16.276],[100.2497,16.2668]],[[99.9089,16.9272],[99.9235,16.9189],[99.9248,16.9119],[99.9411,16.9042],[99.9452,16.9081],[99.9428,16.9115],[99.9501,16.9149],[99.9449,16.924],[99.9552,16.9308],[99.9629,16.9231],[99.9672,16.9281],[99.9699,16.9234],[99.9819,16.9239],[99.9896,16.9157],[99.9853,16.9071],[99.9977,16.906],[100.0045,16.8991],[100.012,16.9006],[100.0183,16.8941],[100.0186,16.8882],[100.0258,16.8849],[100.021,16.8804],[100.0257,16.8715]],[[99.907,16.9319],[99.9121,16.9303],[99.9089,16.9272]],[[99.88,16.9049],[99.8875,16.9233],[99.8991,16.9311],[99.9061,16.9276],[99.907,16.9319]],[[99.883,16.9179],[99.8827,16.9164]],[[100.1151,18.1256],[100.1113,18.0902],[100.1028,18.091],[100.0988,18.0844],[100.0923,18.0906],[100.0863,18.0818],[100.0801,18.0848],[100.0785,18.0619],[100.065,18.0302],[100.069,18.0235],[100.0496,18.0198],[100.0404,18.0133],[100.0361,18.0157],[100.0336,17.9936],[100.0226,18.0043],[100.016,17.9945],[99.9991,18.0018],[99.9816,18.0],[99.9707,18.005],[99.9688,18.0121],[99.9535,18.0154],[99.9402,18.0369],[99.9237,18.0321],[99.9153,18.0422],[99.8985,18.0282],[99.892,18.0283],[99.8854,18.0362],[99.8849,18.0468],[99.873,18.0503],[99.8681,18.0474],[99.8631,18.0528],[99.8581,18.0352],[99.8426,18.0291],[99.8456,18.0429],[99.8276,18.0483],[99.8213,18.0417],[99.816,18.0513],[99.8023,18.0528],[99.7985,18.0402],[99.7864,18.0381],[99.7893,18.0305],[99.7862,18.027],[99.7764,18.0272],[99.7858,18.0202],[99.7764,18.0134],[99.7732,17.9963],[99.7636,17.991],[99.7661,17.9834],[99.7533,17.9791],[99.7386,17.9807],[99.7358,17.9746],[99.7216,17.973],[99.7258,17.9671],[99.7173,17.9617],[99.7165,17.9526],[99.7075,17.9538],[99.6885,17.9413],[99.6865,17.9294],[99.6725,17.934],[99.6733,17.9424],[99.6586,17.9361],[99.6591,17.9461],[99.6352,17.9477],[99.6431,17.9374],[99.632,17.9344],[99.6323,17.9273],[99.6227,17.9286],[99.6193,17.9166],[99.6105,17.9142],[99.6124,17.9067],[99.6042,17.8988],[99.6055,17.881],[99.6181,17.8803],[99.6161,17.8737],[99.6201,17.8674],[99.6146,17.8634],[99.6227,17.843],[99.6399,17.847],[99.639,17.8309],[99.6505,17.8276],[99.6553,17.8035],[99.67,17.8017],[99.6866,17.7759],[99.6513,17.7484],[99.6399,17.7291],[99.6412,17.7232]],[[99.702,17.6187],[99.7055,17.6154],[99.7031,17.6092],[99.7182,17.5909]],[[99.7182,17.5909],[99.7236,17.5846],[99.7194,17.5789],[99.7239,17.5703],[99.7461,17.5686],[99.7518,17.5576],[99.7669,17.5588],[99.7709,17.5518],[99.7709,17.5407],[99.7542,17.5034],[99.7569,17.4738],[99.7875,17.4481],[99.7912,17.4325],[99.815,17.4305],[99.8186,17.424],[99.8163,17.4206],[99.8112,17.4279],[99.8034,17.4259],[99.8027,17.404],[99.7937,17.3838],[99.8068,17.3683],[99.8226,17.3588],[99.8356,17.3378],[99.8345,17.325],[99.8254,17.31],[99.8409,17.2835],[99.8335,17.2773],[99.8332,17.2702],[99.8394,17.2592],[99.8542,17.252],[99.85,17.2268],[99.8599,17.2205]],[[100.0257,16.8715],[100.029,16.8709]],[[99.6412,17.7232],[99.6489,17.7212],[99.6546,17.7307],[99.6661,17.735],[99.6713,17.7279],[99.6602,17.7213],[99.6729,17.7184],[99.6814,17.7009],[99.691,17.7023],[99.6916,17.6939],[99.7072,17.6914],[99.7027,17.6851]],[[99.6625,17.7205],[99.6681,17.7213]],[[99.7027,17.6851],[99.6998,17.6772],[99.686,17.6713],[99.6825,17.6531],[99.6873,17.6491],[99.6813,17.6468],[99.6797,17.6383],[99.6855,17.6291],[99.6997,17.6267],[99.702,17.6187]],[[100.1603,18.4729],[100.1504,18.465]],[[100.1603,18.473],[100.1603,18.4729]],[[100.1821,18.2927],[100.1851,18.2987],[100.1869,18.2878]],[[100.1152,18.1257],[100.1151,18.1256]],[[100.1504,18.465],[100.1683,18.4543],[100.1671,18.4451],[100.1786,18.4334],[100.1635,18.4222],[100.1736,18.4149],[100.1729,18.397],[100.1607,18.3997],[100.1568,18.3885],[100.15,18.3914],[100.1486,18.3765],[100.1554,18.3745],[100.1589,18.3659],[100.1658,18.3654],[100.1716,18.3551],[100.1565,18.3446],[100.1603,18.3153],[100.1685,18.3076],[100.1611,18.2972],[100.1757,18.2891],[100.1855,18.2904],[100.1877,18.2785],[100.1974,18.2785],[100.1906,18.2722],[100.1764,18.2703],[100.1796,18.2499],[100.1746,18.2425],[100.1814,18.2313],[100.1888,18.2287],[100.1905,18.2211],[100.1579,18.213],[100.1544,18.1961],[100.1444,18.198],[100.1282,18.1918],[100.1441,18.1793],[100.1417,18.1662],[100.1465,18.1582],[100.1254,18.1423],[100.1319,18.1164],[100.1253,18.1158],[100.1213,18.1251],[100.1152,18.1257]]]}},{"type":"Feature","properties":{"name":"แม่น้ำวัง"},"geometry":{"type":"MultiLineString","coordinates":[[[99.6156,19.3958],[99.6001,19.3878],[99.6028,19.3799],[99.5982,19.3759],[99.603,19.3708],[99.5988,19.3653],[99.6142,19.3627],[99.6129,19.3505],[99.6192,19.3386],[99.6155,19.3378],[99.6152,19.3244],[99.6018,19.3219],[99.6135,19.3107],[99.6125,19.2988],[99.6201,19.2872],[99.6301,19.2906],[99.638,19.2571],[99.6343,19.2523],[99.6377,19.2353],[99.633,19.2344],[99.6281,19.2139],[99.6206,19.2105],[99.6161,19.1933],[99.6235,19.1744],[99.62,19.1696],[99.6244,19.1601],[99.6219,19.1537]],[[99.6249,18.5232],[99.6456,18.5084],[99.6391,18.5017],[99.6403,18.4967],[99.633,18.4969],[99.6301,18.4754],[99.6191,18.4676],[99.6213,18.4502],[99.6317,18.4382],[99.6279,18.4346],[99.6211,18.439],[99.6145,18.4307],[99.6164,18.4261],[99.6095,18.4229],[99.6095,18.4065],[99.604,18.3952],[99.5981,18.3916],[99.5897,18.3939],[99.5938,18.3782],[99.584,18.3779],[99.5719,18.3701],[99.5691,18.3619],[99.5537,18.3522],[99.5461,18.3562],[99.5451,18.3481],[99.5375,18.3458],[99.5367,18.3375],[99.5278,18.3276],[99.5223,18.312],[99.5269,18.3073],[99.5113,18.3021],[99.5115,18.2934],[99.4931,18.291],[99.4856,18.2991],[99.4794,18.2911],[99.4689,18.2909],[99.4622,18.2799],[99.4653,18.271],[99.4496,18.2596],[99.4481,18.2508],[99.4349,18.2461],[99.4282,18.2376],[99.42,18.2387],[99.421,18.2238],[99.3938,18.1956],[99.3985,18.1734],[99.392,18.1703],[99.3919,18.1633],[99.3851,18.1603],[99.3774,18.1456],[99.3576,18.1345],[99.3499,18.123],[99.3414,18.1002],[99.3473,18.0852],[99.3334,18.0785],[99.3308,18.0846],[99.3261,18.0838],[99.3241,18.0728],[99.3343,18.0723],[99.3431,18.0622],[99.3335,18.0471],[99.344,18.047],[99.346,18.0385],[99.3371,18.0364],[99.3216,18.0228],[99.3186,17.9991],[99.3281,17.9885],[99.3143,17.9909],[99.3108,17.9827],[99.3473,17.9501],[99.343,17.9269],[99.3312,17.9058],[99.335,17.898],[99.329,17.8941],[99.3259,17.8763],[99.3148,17.881],[99.3046,17.8585],[99.2945,17.8535],[99.2846,17.8549],[99.2919,17.8384],[99.2843,17.838],[99.2832,17.8295],[99.2745,17.8307],[99.2625,17.7939],[99.253,17.7886],[99.2459,17.7776],[99.2463,17.7686],[99.2379,17.7651],[99.2368,17.7567],[99.2269,17.7477],[99.2298,17.7403],[99.2245,17.7028],[99.2312,17.6942],[99.2229,17.6932],[99.2306,17.6838],[99.237,17.6861],[99.2333,17.6755],[99.2427,17.6694],[99.2483,17.6542],[99.2322,17.642],[99.2297,17.6181],[99.2096,17.6027],[99.2152,17.5934],[99.2065,17.5808],[99.1784,17.5745],[99.1789,17.568],[99.1889,17.5631],[99.1777,17.552],[99.1813,17.532],[99.1699,17.5195],[99.1731,17.5134],[99.1415,17.51]],[[99.2598,17.7912],[99.2554,17.79]],[[99.0767,17.3263],[99.0846,17.3166],[99.0923,17.3185],[99.0897,17.3017],[99.1011,17.3039],[99.1034,17.2999],[99.0971,17.2825],[99.0855,17.2842],[99.0813,17.2736]],[[99.6219,19.1537],[99.6172,19.1248],[99.6229,19.1161],[99.6188,19.112],[99.6245,19.107],[99.6208,19.0846],[99.628,19.0804],[99.6274,19.0679],[99.6175,19.055],[99.6161,19.0321],[99.6196,19.0298],[99.6124,19.0226],[99.6195,19.0161],[99.6122,19.0101],[99.6184,19.0049],[99.6143,19.0003],[99.6211,18.9912],[99.62,18.985],[99.6257,18.984],[99.6223,18.98],[99.6349,18.9719],[99.6332,18.9625],[99.6495,18.9689],[99.6415,18.9453],[99.6463,18.9441],[99.6416,18.9405],[99.6473,18.9361],[99.64,18.9311],[99.6476,18.9341],[99.656,18.9265],[99.6472,18.9183],[99.6444,18.9207],[99.646,18.9114],[99.6408,18.911],[99.6482,18.8956],[99.6492,18.8854],[99.6454,18.8871]],[[99.1296,17.4424],[99.1381,17.422],[99.1175,17.4138],[99.1271,17.4014],[99.1072,17.399],[99.1084,17.3905],[99.1217,17.3876],[99.1115,17.3835],[99.1124,17.3615],[99.1087,17.3589],[99.0847,17.3771],[99.0739,17.3658],[99.0838,17.3493]],[[99.0838,17.3493],[99.0932,17.3349],[99.0844,17.3287],[99.0743,17.3297],[99.0767,17.3263]],[[99.0813,17.2736],[99.0853,17.2672],[99.0764,17.2619],[99.0868,17.2547],[99.0897,17.2454],[99.0876,17.2417],[99.0837,17.2472],[99.0773,17.2471],[99.0845,17.2391],[99.0732,17.229],[99.0751,17.2148],[99.0837,17.2076],[99.0979,17.2127],[99.097,17.1964],[99.1078,17.1947],[99.0899,17.1854],[99.0961,17.1781],[99.1049,17.1795],[99.1014,17.1683],[99.1081,17.1644],[99.1048,17.1597],[99.0964,17.1615],[99.0948,17.1562],[99.1027,17.1566],[99.1026,17.1497],[99.1123,17.1509],[99.0991,17.1465],[99.1049,17.1358],[99.0958,17.1311],[99.0912,17.1337],[99.0907,17.1224],[99.0761,17.1236],[99.0761,17.1168],[99.0856,17.1191],[99.0844,17.1147],[99.0716,17.112],[99.0649,17.1209],[99.0676,17.1242],[99.0571,17.1217]],[[99.2257,17.6157],[99.2224,17.6146]],[[99.1415,17.51],[99.1396,17.5059],[99.1463,17.5036],[99.1442,17.4938],[99.1509,17.4878],[99.144,17.4762],[99.1509,17.4695],[99.1274,17.4596],[99.1291,17.4521],[99.1391,17.4512],[99.1365,17.4468],[99.1292,17.447],[99.1296,17.4424]]]}},{"type":"Feature","properties":{"name":"แม่น้ำสะแกกรัง"},"geometry":{"type":"MultiLineString","coordinates":[[[100.0542,15.4233],[100.0577,15.4094],[100.0657,15.4067],[100.0602,15.4038],[100.06,15.3978],[100.067,15.3876],[100.0448,15.392],[100.0296,15.3841],[100.0538,15.3646],[100.0657,15.3439],[100.0766,15.3385],[100.0752,15.3281]],[[100.0752,15.3281],[100.0708,15.316],[100.0818,15.3034]]]}},{"type":"Feature","properties":{"name":"แม่น้ำเจ้าพระยา"},"geometry":{"type":"MultiLineString","coordinates":[[[100.1409,15.7004],[100.1289,15.6899],[100.1108,15.6842],[100.1089,15.672],[100.1004,15.6602],[100.1034,15.6378],[100.085,15.6185],[100.0937,15.6076]],[[100.0631,15.2576],[100.084,15.2557],[100.0766,15.2322],[100.0934,15.2204],[100.1062,15.2029],[100.1179,15.2019],[100.1167,15.1927],[100.1271,15.165],[100.1458,15.1661],[100.1635,15.1541],[100.1721,15.1546]],[[100.5072,13.8162],[100.5136,13.8142]],[[100.1176,15.5033],[100.1067,15.4615],[100.1188,15.4501],[100.1282,15.4616],[100.1329,15.4592],[100.1354,15.4215],[100.1252,15.4128]],[[100.5124,13.7289],[100.5121,13.7193]],[[100.4371,14.72],[100.4494,14.7044],[100.4516,14.6876],[100.4615,14.6772],[100.4663,14.6592],[100.4592,14.6498],[100.4605,14.6294],[100.4544,14.6221],[100.4638,14.6072],[100.4621,14.5897],[100.4548,14.5913],[100.4482,14.5846],[100.4519,14.57],[100.4445,14.5607],[100.4512,14.5291],[100.4637,14.5234],[100.4584,14.5041],[100.45,14.5009],[100.4467,14.4888],[100.4579,14.471],[100.4607,14.4461],[100.4675,14.4422]],[[100.3095,15.0636],[100.305,15.0527],[100.3204,15.0449],[100.3326,15.0217],[100.3279,15.0092],[100.3484,14.97],[100.3507,14.9537],[100.3652,14.9528],[100.3735,14.9177],[100.3881,14.9034],[100.4022,14.9071],[100.4019,14.8961],[100.41,14.8809],[100.4095,14.8605],[100.4211,14.8504],[100.4425,14.8447],[100.4363,14.8266],[100.4419,14.8184],[100.438,14.806],[100.4539,14.7952],[100.4376,14.7812],[100.4452,14.7651],[100.4421,14.7546],[100.4482,14.7498],[100.4336,14.7274],[100.4371,14.72]],[[100.0937,15.6076],[100.1025,15.6015],[100.1047,15.5916],[100.0891,15.5774],[100.0811,15.5537],[100.1143,15.552],[100.1122,15.5418],[100.0955,15.5301],[100.0928,15.5217],[100.0958,15.5147],[100.105,15.5105],[100.1204,15.5131],[100.1176,15.5033]],[[100.515,13.8132],[100.5165,13.8005]],[[100.5057,13.7863],[100.5024,13.7811]],[[100.4992,13.7729],[100.4946,13.7655]],[[100.5394,13.9558],[100.534,13.9468],[100.5242,13.9435]],[[100.5018,13.9363],[100.4994,13.9251]],[[100.5547,13.6563],[100.5393,13.6606]],[[100.5339,13.9664],[100.5394,13.9558]],[[100.577,14.2786],[100.5852,14.2716],[100.5827,14.2592]],[[100.5101,13.7344],[100.5123,13.7294]],[[100.4994,13.9251],[100.4909,13.9144]],[[100.4888,13.8992],[100.4907,13.8943]],[[100.485,13.8857],[100.4768,13.8755],[100.478,13.8597]],[[100.5021,13.8195],[100.5072,13.8162]],[[100.4907,13.8943],[100.485,13.8857]],[[100.4744,13.9184],[100.4685,13.9176]],[[100.4685,13.9176],[100.4663,13.9132]],[[100.4673,13.9093],[100.4739,13.9023],[100.4888,13.8992]],[[100.4909,13.9144],[100.4744,13.9184]],[[100.5494,14.1104],[100.5432,14.0954]],[[100.5215,14.1315],[100.5265,14.1227],[100.5363,14.1181]],[[100.5402,14.0272],[100.5362,14.0213],[100.5399,14.0019]],[[100.5546,14.042],[100.5461,14.0343]],[[100.4938,13.7408],[100.4977,13.7393]],[[100.4882,13.7481],[100.4896,13.7455]],[[100.4911,13.7619],[100.4911,13.7619]],[[100.4977,13.7393],[100.4999,13.7387]],[[100.5223,13.9435],[100.5084,13.9431],[100.5018,13.9363]],[[100.4663,13.9132],[100.4673,13.9093]],[[100.478,13.8597],[100.4795,13.8547]],[[100.4909,13.8396],[100.5021,13.8195]],[[100.4795,13.8547],[100.4887,13.8477],[100.4909,13.8396]],[[100.5082,13.7123],[100.4985,13.7052]],[[100.1721,15.1546],[100.1866,15.1634]],[[100.5764,14.3344],[100.5752,14.329]],[[100.572,14.3211],[100.5717,14.3204]],[[100.5767,14.3368],[100.5764,14.3344]],[[100.5456,14.3574],[100.5472,14.3561]],[[100.5764,14.3449],[100.5763,14.3429]],[[100.5744,14.3472],[100.576,14.3459]],[[100.5533,14.3395],[100.5573,14.3403]],[[100.5465,14.3397],[100.5474,14.3395]],[[100.5356,14.3637],[100.5406,14.361]],[[100.5472,14.3561],[100.5469,14.3531]],[[100.5254,14.3726],[100.5257,14.3707]],[[100.5663,14.3039],[100.5653,14.2998]],[[100.5679,14.3132],[100.5671,14.3095]],[[100.4899,13.745],[100.492,13.7423]],[[100.4898,13.7451],[100.4899,13.745]],[[100.4896,13.7455],[100.4897,13.7453]],[[100.4897,13.7453],[100.4898,13.7451]],[[100.4894,13.7602],[100.4882,13.7481]],[[100.4911,13.7619],[100.4899,13.7608]],[[100.5875,13.6094],[100.5926,13.5997],[100.5882,13.5865]],[[100.5739,14.2293],[100.5701,14.2139]],[[100.577,14.2786],[100.5765,14.2725]],[[100.5684,14.2846],[100.5755,14.28]],[[100.567,14.207],[100.554,14.1946],[100.5336,14.1952]],[[100.5765,14.2725],[100.5827,14.2592]],[[100.5827,14.2592],[100.5814,14.2534]],[[100.5755,14.28],[100.577,14.2786]],[[100.5653,14.2998],[100.5641,14.2904],[100.5684,14.2846]],[[100.5796,14.2441],[100.5739,14.2293]],[[100.5322,14.1956],[100.5158,14.2023],[100.5077,14.2008]],[[100.5701,14.2139],[100.5699,14.2132]],[[100.5813,14.2527],[100.5796,14.2441]],[[100.5796,14.2441],[100.5811,14.2384],[100.5734,14.2267]],[[100.5077,14.2008],[100.5039,14.184]],[[100.5042,14.1783],[100.5072,14.1656]],[[100.5137,14.1529],[100.5169,14.1437]],[[100.5072,14.1656],[100.5137,14.1529]],[[100.5169,14.1437],[100.5179,14.141]],[[100.5381,14.1176],[100.5494,14.1104]],[[100.4675,14.4422],[100.4674,14.4282],[100.4809,14.4299],[100.4841,14.4262]],[[100.4841,14.4262],[100.5017,14.4079]],[[100.5178,14.3914],[100.5254,14.3726]],[[100.5434,14.3467],[100.5436,14.3428]],[[100.5489,14.3395],[100.5509,14.3396]],[[100.5573,14.3403],[100.5605,14.3416]],[[100.5632,14.3431],[100.5649,14.3442]],[[100.5649,14.3442],[100.569,14.3468]],[[100.57,14.3473],[100.5744,14.3472]],[[100.5524,14.3394],[100.5533,14.3395]],[[100.5509,14.3396],[100.5524,14.3394]],[[100.5605,14.3416],[100.5619,14.3423]],[[100.5619,14.3423],[100.5632,14.3431]],[[100.569,14.3468],[100.57,14.3473]],[[100.576,14.3459],[100.5764,14.3449]],[[100.5764,14.3419],[100.5767,14.337]],[[100.5763,14.3429],[100.5764,14.3419]],[[100.5313,14.3675],[100.5333,14.3655]],[[100.5406,14.361],[100.5411,14.3607]],[[100.5436,14.3473],[100.5434,14.3467]],[[100.5436,14.3428],[100.5465,14.3397]],[[100.5447,14.349],[100.5436,14.3473]],[[100.5469,14.3531],[100.5447,14.349]],[[100.5425,14.3599],[100.5456,14.3574]],[[100.5411,14.3607],[100.5425,14.3599]],[[100.5333,14.3655],[100.5356,14.3637]],[[100.5285,14.3691],[100.5313,14.3675]],[[100.5257,14.3707],[100.5285,14.3691]],[[100.5717,14.3204],[100.571,14.3186]],[[100.5734,14.3246],[100.572,14.3211]],[[100.5697,14.3164],[100.5679,14.3132]],[[100.571,14.3186],[100.5697,14.3164]],[[100.5741,14.3261],[100.5734,14.3246]],[[100.5752,14.329],[100.5741,14.3261]],[[100.5474,14.3395],[100.5489,14.3395]],[[100.5117,14.3949],[100.5178,14.3914]],[[100.5023,14.4063],[100.5117,14.3949]],[[100.5668,14.3075],[100.5663,14.3039]],[[100.5671,14.3095],[100.5668,14.3075]],[[100.5067,13.6858],[100.517,13.6828]],[[100.4912,13.6997],[100.4899,13.6953]],[[100.517,13.6828],[100.5228,13.6782]],[[100.4899,13.6953],[100.5001,13.6868]],[[100.4999,13.7387],[100.5041,13.7376]],[[100.5123,13.7294],[100.5124,13.7289]],[[100.5113,13.7173],[100.5082,13.7123]],[[100.4922,13.7009],[100.4912,13.6997]],[[100.4984,13.7051],[100.4922,13.7009]],[[100.5121,13.7193],[100.5113,13.7173]],[[100.4899,13.7608],[100.4894,13.7602]],[[100.5165,13.8005],[100.5084,13.7891]],[[100.5024,13.7811],[100.4992,13.7729]],[[100.5066,13.7369],[100.5101,13.7344]],[[100.5041,13.7376],[100.5066,13.7369]],[[100.492,13.7423],[100.4938,13.7408]],[[100.4946,13.7655],[100.4911,13.7619]],[[100.5084,13.7891],[100.5057,13.7863]],[[100.55,13.6759],[100.5523,13.6841]],[[100.555,13.7056],[100.5716,13.7028]],[[100.529,13.6731],[100.5395,13.6691]],[[100.5001,13.6868],[100.5067,13.6858]],[[100.4985,13.7052],[100.4984,13.7051]],[[100.5824,13.6976],[100.5845,13.6958]],[[100.5888,13.6831],[100.5858,13.6774]],[[100.5845,13.6958],[100.5888,13.6832]],[[100.5858,13.6774],[100.5793,13.6692]],[[100.5524,13.6901],[100.555,13.7056]],[[100.5341,13.6487],[100.5363,13.6382]],[[100.5888,13.6832],[100.5888,13.6831]],[[100.5523,13.6841],[100.5524,13.6901]],[[100.5716,13.7028],[100.5824,13.6976]],[[100.5228,13.6782],[100.529,13.6731]],[[100.5393,13.6606],[100.5341,13.6487]],[[100.5395,13.6691],[100.55,13.6759]],[[100.5705,13.6604],[100.5572,13.6558]],[[100.5793,13.6692],[100.5767,13.6663]],[[100.5763,13.5655],[100.5795,13.5545],[100.5945,13.5422]],[[100.5767,13.6663],[100.5705,13.6604]],[[100.5572,13.6558],[100.5547,13.6563]],[[100.5387,13.6332],[100.5513,13.6186]],[[100.5837,13.5806],[100.5763,13.5655]],[[100.5681,13.6109],[100.5875,13.6094]],[[100.5513,13.6186],[100.5681,13.6109]],[[100.5882,13.5865],[100.5837,13.5806]],[[100.5267,13.9835],[100.5281,13.975]],[[100.5295,13.9904],[100.5281,13.9881]],[[100.5281,13.9881],[100.5267,13.9835]],[[100.5351,13.9946],[100.5295,13.9904]],[[100.5428,14.0298],[100.5402,14.0272]],[[100.5399,14.0019],[100.5351,13.9946]],[[100.5281,13.975],[100.5339,13.9664]],[[100.5242,13.9435],[100.5223,13.9435]],[[100.5017,14.4079],[100.5023,14.4063]],[[100.5432,14.0954],[100.5294,14.0871]],[[100.5307,14.0676],[100.5325,14.0666]],[[100.5512,14.0528],[100.5535,14.051]],[[100.5363,14.1181],[100.5381,14.1176]],[[100.5294,14.0871],[100.524,14.0768]],[[100.524,14.0768],[100.5307,14.0676]],[[100.5325,14.0666],[100.5512,14.0528]],[[100.5535,14.051],[100.5546,14.042]],[[100.5461,14.0343],[100.5428,14.0298]],[[100.5363,13.6382],[100.5387,13.6332]],[[100.0864,15.3592],[100.0999,15.3484],[100.101,15.3375],[100.0958,15.328],[100.0785,15.3184],[100.0818,15.3034],[100.0716,15.2885]],[[100.0716,15.2885],[100.0575,15.2756]],[[100.1038,15.4166],[100.0919,15.4148]],[[100.0919,15.4148],[100.0876,15.4092],[100.0884,15.3988],[100.1067,15.3771],[100.1022,15.373],[100.0841,15.3799],[100.0755,15.3784],[100.0747,15.3685],[100.0864,15.3592]],[[100.1252,15.4128],[100.1076,15.4153]],[[100.0575,15.2756],[100.0558,15.2702]],[[100.2935,15.0643],[100.2953,15.0611],[100.303,15.0659],[100.3095,15.0636]],[[100.2935,15.0743],[100.2935,15.0643]],[[100.5039,14.184],[100.5042,14.1783]],[[100.5179,14.141],[100.5215,14.1315]],[[100.5336,14.1952],[100.5322,14.1956]],[[100.5699,14.2132],[100.567,14.207]],[[100.5814,14.2534],[100.5813,14.2527]],[[100.5767,14.337],[100.5767,14.3368]],[[100.0558,15.2702],[100.0631,15.2576]],[[100.1866,15.1634],[100.2033,15.1724],[100.209,15.1859],[100.219,15.1751],[100.2279,15.1734],[100.2444,15.1549],[100.2463,15.1419],[100.2675,15.1098],[100.2853,15.1021],[100.2851,15.0869],[100.2935,15.0743]],[[100.1076,15.4153],[100.1038,15.4166]],[[100.5136,13.8142],[100.515,13.8132]],[[100.1076,15.4153],[100.0919,15.4148]]]}},{"type":"Feature","properties":{"name":"แม่น้ำแม่กลอง"},"geometry":{"type":"MultiLineString","coordinates":[[[99.5269,14.0187],[99.5342,13.9976],[99.5523,13.9913],[99.5803,13.9714],[99.6176,13.9575]],[[99.6303,13.9712],[99.6349,13.9686],[99.6324,13.9613]],[[99.629,13.971],[99.6303,13.9712]],[[99.8209,13.8582],[99.8468,13.8457],[99.8628,13.8442],[99.8671,13.8353],[99.8637,13.8215],[99.8726,13.8086],[99.8461,13.7712],[99.8382,13.7466],[99.8472,13.7331],[99.8475,13.696],[99.8249,13.6912],[99.8162,13.6756],[99.8135,13.6497],[99.819,13.6358],[99.8045,13.6203],[99.7959,13.5999],[99.8103,13.5921],[99.8221,13.5683],[99.8178,13.5587],[99.8194,13.5419],[99.8448,13.5396],[99.8517,13.5285],[99.863,13.5248],[99.8673,13.5331],[99.8981,13.5312],[99.9132,13.5108]],[[99.6176,13.9575],[99.629,13.971]],[[99.6319,13.9519],[99.6465,13.9494],[99.6482,13.9339],[99.6669,13.931],[99.6775,13.9226],[99.6821,13.9254],[99.6854,13.9393],[99.6986,13.9453],[99.7094,13.9361],[99.7377,13.9613]],[[99.9132,13.5108],[99.9191,13.5007]],[[99.9191,13.5007],[99.9442,13.4601],[99.9491,13.4218],[99.9596,13.4238],[99.9582,13.4101],[99.9759,13.4099],[99.9796,13.4001],[99.9851,13.4046],[99.9838,13.4204],[99.9965,13.412],[99.9835,13.3825],[100.0143,13.3528]],[[99.7377,13.9613],[99.7481,13.955],[99.7455,13.9336],[99.7595,13.9248],[99.7614,13.909],[99.7739,13.905],[99.7768,13.896],[99.789,13.8982],[99.8053,13.8701],[99.819,13.8661]],[[99.819,13.8661],[99.8209,13.8582]]]}},{"type":"Feature","properties":{"name":"แม่น้ำโขง"},"geometry":{"type":"MultiLineString","coordinates":[[[104.7546,16.5132],[104.7956,16.4803],[104.8446,16.4573],[104.8912,16.3575],[104.9813,16.2926]],[[103.6146,18.4011],[103.6582,18.3746],[103.6961,18.3435],[103.7164,18.3413],[103.7774,18.3483],[103.8172,18.3391],[103.8371,18.3238],[103.8511,18.2924],[103.8621,18.2869],[103.8857,18.2941],[103.9312,18.3372],[103.9555,18.3417],[103.9775,18.3332],[104.0621,18.2187],[104.116,18.1031],[104.223,17.983],[104.2776,17.8573],[104.2901,17.849],[104.3325,17.8398],[104.3532,17.8253],[104.4099,17.7297],[104.4747,17.649],[104.7002,17.5309],[104.7225,17.5049],[104.7341,17.4777],[104.7579,17.4414],[104.779,17.4254],[104.7931,17.4041],[104.7992,17.3876],[104.8039,17.3451],[104.8108,17.232],[104.8016,17.1674],[104.7447,17.0297],[104.7342,16.9605],[104.7388,16.9058],[104.7635,16.8471],[104.7415,16.8149],[104.7397,16.8041],[104.7542,16.7596],[104.7635,16.7061],[104.743,16.6269],[104.7379,16.568],[104.7421,16.5356],[104.7546,16.5132]],[[102.7601,17.8946],[102.7707,17.9044],[102.7898,17.937],[102.8176,17.9412],[102.8561,17.9722],[102.9016,17.9826],[102.9406,18.0029],[102.9622,18.0048],[102.9825,17.9983],[103.0172,17.9715],[103.0364,17.9772],[103.0524,17.9935],[103.0804,18.0435],[103.0699,18.0804],[103.0723,18.1208],[103.0821,18.1333],[103.1356,18.1611],[103.1477,18.1755],[103.1555,18.1997],[103.1493,18.2285],[103.1691,18.2576],[103.1825,18.2664],[103.2103,18.2714],[103.2927,18.3012],[103.2959,18.3124],[103.2903,18.323],[103.2507,18.3375],[103.2432,18.3486],[103.2422,18.3604],[103.2745,18.4051],[103.3077,18.432],[103.3485,18.4348],[103.4097,18.4484],[103.4597,18.4255],[103.5279,18.4261],[103.5696,18.4059],[103.6146,18.4011]],[[100.7609,19.8725],[100.7977,19.9026],[100.8121,19.9073],[100.8464,19.8825],[100.8751,19.8885],[100.9377,19.8776],[100.9638,19.8617],[100.9875,19.858],[100.9927,19.8431],[101.0006,19.8393],[101.0133,19.8379],[101.0193,19.8496],[101.0266,19.8509],[101.0384,19.8393],[101.0559,19.8394],[101.0638,19.8416],[101.0818,19.8614],[101.1156,19.8871],[101.1316,19.8915],[101.1423,19.8844],[101.1579,19.8602],[101.2062,19.842],[101.2497,19.818],[101.2637,19.8183],[101.3047,19.8336],[101.3635,19.819],[101.4409,19.8317],[101.4662,19.8327],[101.4993,19.8252],[101.5195,19.8339],[101.5402,19.8345],[101.5668,19.8287],[101.591,19.837],[101.6217,19.8397],[101.6211,19.8534],[101.603,19.8569],[101.6043,19.8648],[101.6188,19.8726],[101.6406,19.874],[101.7182,19.9349],[101.7811,19.9348],[101.8131,19.9472],[101.8444,19.9474],[101.8779,19.9676],[101.898,19.9731],[101.9187,19.9892],[101.9441,20.0244],[101.9913,20.0562],[102.0364,20.0479],[102.0583,20.0505],[102.0728,20.0603],[102.0772,20.0697],[102.1063,20.0826],[102.1424,20.0904],[102.1525,20.0883]],[[102.1525,20.0883],[102.1885,20.0741],[102.2126,20.0495],[102.2277,20.0038],[102.2395,19.9964],[102.2405,19.9565],[102.2111,19.936],[102.1749,19.9229],[102.1112,19.8746],[102.1003,19.873],[102.0767,19.8801],[102.0183,19.8486],[102.0041,19.8278],[101.9991,19.8111],[101.9774,19.7926],[101.9745,19.7797],[101.9364,19.7458],[101.9027,19.7251],[101.8905,19.7023],[101.8712,19.6819],[101.831,19.6644],[101.8091,19.6456]],[[100.0847,20.3523],[100.0995,20.314],[100.0909,20.2768],[100.0949,20.2636],[100.1101,20.2512],[100.1699,20.2457],[100.1764,20.259],[100.1693,20.2757],[100.1678,20.3006],[100.1809,20.3097],[100.2228,20.3175],[100.2295,20.3323],[100.2264,20.3558],[100.2479,20.3719],[100.2596,20.3945],[100.2719,20.4012],[100.3307,20.399],[100.3561,20.3782],[100.3602,20.3565],[100.3758,20.3503],[100.3836,20.3128],[100.4044,20.2836],[100.414,20.254],[100.4484,20.2357],[100.4551,20.2266]],[[100.4551,20.2266],[100.4535,20.1994],[100.4786,20.1894],[100.5161,20.1449],[100.5303,20.1462],[100.5521,20.1767],[100.5657,20.1761],[100.5776,20.169]],[[104.9813,16.2926],[104.9923,16.2665],[105.0152,16.2425],[105.0215,16.2284],[105.0395,16.1296],[105.0772,16.0986],[105.1054,16.0898],[105.1199,16.0771],[105.1362,16.0794],[105.2114,16.0502],[105.3552,16.0288],[105.3638,16.0231],[105.4157,16.014],[105.4239,16.0048],[105.4247,15.9913],[105.4194,15.9856],[105.3921,15.9921],[105.3767,15.9797],[105.3434,15.9256],[105.343,15.9175],[105.3523,15.9064],[105.3867,15.834],[105.3912,15.8078],[105.4009,15.7958],[105.4201,15.7893],[105.421,15.7726],[105.4345,15.7579]],[[101.5513,17.8211],[101.5642,17.8394],[101.5723,17.8668],[101.5798,17.8668],[101.5883,17.8504],[101.5946,17.8511],[101.6148,17.8904],[101.6491,17.8963],[101.6944,17.9136],[101.7017,17.9126],[101.7104,17.9033],[101.7308,17.9189],[101.7343,17.9258],[101.7293,17.9491],[101.7394,17.9867],[101.7535,18.0045],[101.7555,18.0319],[101.7699,18.0678],[101.7832,18.0745],[101.794,18.0643],[101.825,18.0597],[101.8779,18.0286],[101.908,18.0388],[101.9149,18.0576],[101.9269,18.0619],[101.9578,18.1033],[101.9913,18.1209],[102.0098,18.142],[102.0274,18.1509],[102.0348,18.1617],[102.0445,18.1982],[102.0873,18.2206],[102.1121,18.2098],[102.133,18.2163],[102.1516,18.2051],[102.1644,18.2043],[102.187,18.1476],[102.1994,18.1388],[102.212,18.1379],[102.2251,18.1182],[102.289,18.0552],[102.3426,18.0486],[102.4122,17.9947],[102.4666,17.9696],[102.488,17.9672],[102.5319,17.9742],[102.6047,17.9555],[102.6146,17.9411],[102.6151,17.9108],[102.5907,17.8517],[102.5964,17.8345],[102.6388,17.8314],[102.6659,17.8064],[102.6856,17.8047],[102.6984,17.8197],[102.6801,17.8415],[102.685,17.8656],[102.6994,17.8764],[102.7601,17.8946]],[[101.8091,19.6456],[101.8051,19.6392],[101.807,19.6215],[101.7959,19.592],[101.8164,19.5407],[101.8136,19.5185],[101.801,19.4994],[101.801,19.4828],[101.8228,19.4478],[101.8386,19.4323],[101.8574,19.4213],[101.8879,19.4149],[101.8967,19.4064],[101.8541,19.3661],[101.839,19.3365],[101.8303,19.3085],[101.8167,19.2861],[101.8119,19.2606],[101.8173,19.2444]],[[101.8014,19.0446],[101.7952,19.01],[101.8018,18.952],[101.7898,18.8894],[101.7933,18.8729],[101.8163,18.8571],[101.8402,18.8317],[101.8465,18.8003],[101.836,18.7567],[101.8236,18.7424],[101.8039,18.6939],[101.7955,18.6354],[101.7694,18.5919],[101.7612,18.5683],[101.7032,18.4789],[101.6819,18.4686],[101.6437,18.4755],[101.603,18.4113],[101.5696,18.3919],[101.559,18.3644],[101.5335,18.3342],[101.5239,18.3114],[101.5149,18.3086],[101.4955,18.3155],[101.4696,18.299],[101.4604,18.2806],[101.4214,18.2356],[101.3931,18.1771],[101.3869,18.1298],[101.4238,18.0728],[101.4208,18.0494],[101.4246,18.0042],[101.4105,17.9533],[101.4112,17.9257],[101.446,17.8774],[101.4643,17.8741],[101.4873,17.8906],[101.4924,17.8839],[101.4946,17.8578],[101.5046,17.856]],[[105.4345,15.7579],[105.4672,15.7463],[105.4957,15.7665],[105.5041,15.7674],[105.5324,15.7494],[105.5522,15.7502],[105.5602,15.7392],[105.6011,15.7212],[105.6101,15.6935],[105.6271,15.6782],[105.6367,15.6554],[105.6371,15.6333],[105.6286,15.6044],[105.625,15.5635],[105.6084,15.546],[105.5931,15.5113],[105.6032,15.4785],[105.5929,15.4273],[105.579,15.4083],[105.5575,15.3967],[105.4921,15.3845],[105.4763,15.3688],[105.4678,15.3501],[105.4734,15.3359],[105.488,15.3288]],[[105.488,15.3288],[105.4959,15.3212],[105.5112,15.3178],[105.5406,15.3245],[105.5601,15.3228],[105.5746,15.3291]],[[105.3594,10.729],[105.3975,10.6374],[105.4447,10.5544],[105.4862,10.5329],[105.5326,10.5341],[105.545,10.528],[105.5688,10.4869],[105.5775,10.45],[105.6054,10.4086],[105.6413,10.4129],[105.6797,10.4092],[105.7008,10.4024],[105.7299,10.3845],[105.7465,10.3647],[105.7715,10.3005],[105.7866,10.288],[105.7972,10.2865],[105.8194,10.2962],[105.8401,10.2984],[105.874,10.292],[105.8983,10.2737],[105.9275,10.2841]],[[105.588,15.3333],[105.6058,15.329],[105.6479,15.2952],[105.6601,15.2658],[105.6568,15.2465],[105.6763,15.2092],[105.6921,15.1903],[105.718,15.176],[105.732,15.1481],[105.761,15.1365],[105.7824,15.113],[105.8131,15.1062],[105.8246,15.0992],[105.8294,15.0699],[105.8637,15.0368],[105.8946,14.9449],[105.8939,14.9148],[105.881,14.8685],[105.881,14.8441],[105.8953,14.8139],[105.9281,14.7882],[105.9334,14.7663],[105.9278,14.7428],[105.8796,14.6785],[105.8539,14.5968],[105.856,14.5606],[105.8649,14.5281],[105.8574,14.4609],[105.8601,14.4018],[105.8762,14.3295],[105.8705,14.282],[105.842,14.2],[105.8642,14.1579],[105.8671,14.134],[105.8575,14.105],[105.844,14.0926],[105.8421,14.0754],[105.872,14.0127],[105.8769,13.9814],[105.8906,13.9791],[105.9206,13.9331],[105.946,13.9344]],[[105.1524,11.9178],[105.1407,11.904],[105.132,11.8697],[105.1227,11.8579],[105.0939,11.8451],[105.0242,11.8451],[105.0016,11.83],[104.9956,11.8031],[105.0161,11.7846],[105.0153,11.7636],[104.9325,11.6906],[104.9187,11.6597],[104.9422,11.5958],[104.9475,11.5598]],[[100.1672,20.6104],[100.1628,20.5842],[100.1394,20.5178],[100.135,20.4721],[100.1195,20.4393],[100.1233,20.4067],[100.0864,20.362],[100.0847,20.3523]],[[100.5776,20.169],[100.5877,20.1536],[100.5937,20.087],[100.5784,19.9748],[100.5822,19.9382],[100.5756,19.919],[100.5817,19.8939],[100.5799,19.8808],[100.5875,19.8705],[100.5767,19.846],[100.5785,19.8275],[100.5943,19.8133],[100.6091,19.809],[100.648,19.8205],[100.6749,19.8169],[100.7098,19.8363],[100.7349,19.8603],[100.7609,19.8725]],[[101.5046,17.856],[101.5301,17.8781],[101.5415,17.8779],[101.5444,17.8668],[101.5297,17.839],[101.5289,17.8262],[101.5385,17.8151],[101.5513,17.8211]],[[105.5746,15.3291],[105.588,15.3333]],[[105.9556,12.7649],[105.9839,12.7319],[106.0081,12.6872],[106.0065,12.65],[106.0126,12.6305],[106.0154,12.5835],[105.9939,12.5334],[106.013,12.5041],[106.0131,12.4854],[106.0291,12.4125],[106.0261,12.3833],[106.0399,12.3586],[106.0441,12.3364],[106.0405,12.3198],[106.0246,12.289],[106.0036,12.2678],[105.986,12.2609],[105.949,12.2644],[105.7548,12.2537],[105.7115,12.2772],[105.6391,12.2965],[105.6032,12.3011],[105.5783,12.2938],[105.5554,12.2731],[105.5446,12.2533],[105.5364,12.2098],[105.5406,12.1807],[105.5286,12.1061],[105.4793,12.0288],[105.4716,12.0091],[105.4706,11.9863]],[[105.1885,10.9114],[105.1887,10.8621],[105.2008,10.8394],[105.2304,10.809],[105.2404,10.8046],[105.2724,10.8027],[105.3102,10.8224],[105.3277,10.8179],[105.351,10.7718],[105.3594,10.729]],[[101.8176,19.2437],[101.8238,19.2276],[101.8246,19.2068],[101.8212,19.1743],[101.8097,19.1422],[101.8014,19.0446]],[[101.8173,19.2444],[101.8176,19.2437]],[[104.9795,11.7304],[104.9619,11.6861],[104.9614,11.6665],[104.9491,11.636],[104.9428,11.5933]],[[104.9475,11.5598],[104.9727,11.5463],[105.027,11.5435],[105.0785,11.5268],[105.11,11.4986],[105.1923,11.446],[105.2142,11.4373],[105.2263,11.4177],[105.2569,11.385],[105.2752,11.3046],[105.2798,11.2484],[105.2376,11.1369],[105.1928,11.081],[105.1958,11.0415],[105.1835,10.9602],[105.1885,10.9114]],[[105.1923,11.446],[105.225,11.4192]],[[105.4706,11.9863],[105.4718,11.9461],[105.4639,11.9265],[105.4515,11.9098],[105.4194,11.8951],[105.3916,11.8989],[105.367,11.9227],[105.3433,11.9319],[105.2915,11.9344],[105.2033,11.9501],[105.1835,11.948],[105.1524,11.9178]]]}}]}